Game,Champion_1,Champion_2,Champion_3,Champion_4,Champion_5,Champion_6,Champion_7,Champion_8,Champion_9,Champion_10
470126,2,5,6,3,15,-,8,-,-,6
1000029,3,6,3,4,13,4,7,2,-,15
1000116,3,9,3,3,12,4,11,4,6,11
100024,1,3,3,2,5,2,3,2,-,8
1000306,5,3,4,2,16,7,6,4,1,11
1000316,5,8,5,2,7,3,7,4,1,9
100031,3,5,1,1,8,1,4,3,1,11
1000320,1,3,3,2,10,3,3,2,5,9
1000331,2,3,3,4,9,2,4,3,2,14
1000453,4,5,2,2,7,3,9,2,2,6
1000462,2,4,4,3,13,4,5,4,1,7
1000469,4,5,3,2,6,7,2,5,1,10
1000512,7,5,7,3,10,1,8,2,-,9
1000523,2,3,5,3,12,5,8,5,3,13
1000525,5,5,2,1,6,1,4,2,1,8
100092,2,3,1,-,7,1,5,3,1,7
1001000016,-,2,3,2,11,9,11,3,2,6
1001000017,2,4,2,2,8,2,5,4,3,9
1001000029,1,5,3,2,6,4,5,1,4,7
1001000044,2,3,4,3,4,2,4,4,2,6
1001000054,2,2,3,1,7,-,3,2,1,5
1001010020,-,4,2,-,7,-,3,2,-,6
1001010041,1,3,2,3,3,1,3,3,-,3
1001010047,5,4,4,5,21,3,7,1,2,20
1001010060,1,4,6,-,9,-,3,2,1,7
1001010073,1,5,4,1,7,3,2,3,1,5
1001010082,3,4,4,2,11,-,4,2,3,9
1001010086,-,4,2,1,11,4,3,3,2,9
1001010089,4,7,2,2,6,1,5,2,2,7
1001010097,2,2,1,1,7,3,5,1,-,7
1001010098,3,3,2,-,11,3,3,1,2,8
1001010106,3,3,1,2,5,4,3,3,2,6
1001010108,4,2,-,-,12,2,3,2,1,25
1001010113,4,3,2,1,10,1,4,4,1,6
1001010129,2,4,5,-,13,4,4,2,-,8
1001010139,1,7,2,-,8,1,5,1,-,9
1001020025,4,2,6,1,9,5,2,2,2,9
1001020027,3,4,2,4,5,2,2,3,-,4
1001020035,3,3,1,1,5,2,3,1,-,6
1001020036,-,3,2,1,10,3,4,1,-,12
1001020042,2,4,3,3,10,5,4,4,1,13
1001020048,4,3,4,3,18,3,4,1,2,8
1001020050,-,4,2,1,4,2,4,3,1,6
1001020054,1,5,3,1,7,3,3,3,2,3
1001020062,2,4,1,1,8,2,4,3,3,8
1001020065,1,3,1,3,5,3,3,3,2,7
1001020066,3,2,1,1,10,3,1,3,2,5
1001020070,6,5,2,1,9,9,4,4,2,14
1001020073,2,2,-,1,8,3,6,2,2,7
1001020078,-,2,3,1,4,1,2,3,1,8
1001020080,3,3,2,3,4,3,2,2,1,6
1001020083,1,3,-,-,5,2,3,2,1,6
1001020089,3,4,3,1,11,-,4,4,1,11
1001020099,4,4,3,-,13,1,5,4,-,8
1001020112,1,5,1,3,7,5,2,2,-,5
1001020120,1,5,1,2,7,-,2,5,-,11
1001020148,1,5,2,1,4,6,8,2,3,8
1001020157,-,4,1,-,5,-,2,2,-,3
1001020167,2,6,3,-,9,3,3,2,4,10
1001020174,1,1,2,1,4,4,2,1,-,6
1001020185,2,1,4,-,3,1,1,4,-,7
1001020201,1,5,1,-,7,2,4,1,1,8
1001020214,1,3,4,-,13,2,3,-,2,11
1001020222,3,9,3,2,3,2,9,2,1,9
1001020233,3,7,3,-,8,2,5,5,3,11
1001020245,3,3,3,-,9,2,4,-,1,12
100102,3,4,2,1,10,-,4,-,1,5
1001030097,5,3,7,2,7,2,3,3,1,10
1001030105,2,4,4,1,6,5,3,4,3,6
1001030110,1,4,2,2,4,1,2,2,2,5
1001030118,4,3,3,1,6,2,2,1,1,10
1001030127,1,3,4,2,2,2,1,1,1,10
1001030142,1,2,3,2,4,1,1,4,3,6
1001030146,5,2,3,2,4,2,2,3,2,8
1001030165,4,6,2,-,10,3,3,5,1,9
1001030177,3,2,3,2,7,3,3,-,4,8
1001030183,2,6,3,3,6,3,4,1,-,5
1001040016,3,4,1,2,11,2,2,3,1,5
1001040017,1,4,4,4,5,3,3,3,2,6
1001040024,1,1,1,3,5,1,2,2,3,5
1001040034,4,3,1,3,4,3,4,1,1,5
1001040041,2,2,2,1,5,3,4,4,1,5
1001040061,1,4,2,1,4,4,7,2,2,5
1001040062,3,4,3,4,17,2,5,2,-,10
1001040068,1,2,4,1,7,6,7,2,3,9
1001040074,3,3,1,1,6,2,4,3,2,2
1001040080,2,2,1,2,4,1,2,2,-,2
1001040096,4,4,3,2,8,2,3,4,2,3
1001040103,5,3,1,2,8,1,3,3,4,9
1001040111,2,3,2,2,3,1,2,1,1,3
1001040117,1,5,3,1,11,3,2,2,-,3
1001040123,1,2,2,-,6,3,2,1,2,4
1001040132,3,3,2,1,6,4,3,1,1,3
1001040142,1,1,2,2,2,2,3,-,3,5
1001040154,2,1,4,6,9,1,1,2,-,11
1001040161,6,8,2,1,12,2,4,1,1,14
1001040172,3,2,3,5,5,6,1,2,-,3
1001050098,2,3,4,1,7,3,4,2,1,7
1001050114,2,1,1,1,4,-,4,3,-,5
1001050123,3,5,1,-,8,-,2,5,-,9
1001050133,2,3,4,1,4,1,4,1,-,8
1001050144,4,4,-,1,7,3,5,3,-,5
1001050156,-,2,4,-,6,1,4,-,-,9
1001050166,6,6,4,1,8,3,3,3,-,3
1001050175,1,3,3,-,4,3,7,2,-,6
1001050188,5,5,1,1,21,2,3,1,1,15
1001050209,7,3,3,1,9,3,4,1,1,11
1001070005,1,2,4,-,6,2,5,-,2,8
1001070013,5,4,3,1,7,6,4,6,-,15
1001070015,-,2,4,1,4,5,4,5,1,7
1001070017,1,8,6,2,9,4,4,1,2,6
1001070027,1,3,1,-,5,2,5,2,3,18
1001070035,2,9,3,2,18,1,4,4,1,13
1001070036,2,1,3,-,13,3,4,2,2,10
1001070042,1,3,1,3,7,3,3,2,3,6
1001070044,-,4,1,1,4,4,3,-,1,4
1001070051,3,4,2,3,13,2,2,1,1,10
1001070059,2,4,2,-,12,-,2,7,-,11
1001070068,2,7,3,2,8,4,4,2,1,7
1001070069,2,5,2,1,11,2,4,2,1,6
1001070070,3,6,5,-,12,3,5,3,1,7
1001070075,1,3,4,4,4,3,1,2,-,5
1001070081,2,4,2,-,4,-,-,-,-,3
1001070082,3,5,3,1,8,1,5,1,1,13
1001070089,3,4,1,1,7,4,2,4,2,5
1001070100,2,4,1,3,8,1,3,-,-,9
1001080064,7,3,2,1,4,1,2,2,3,5
1001080068,1,5,1,-,10,1,3,3,3,14
1001080081,2,4,2,2,6,2,5,2,3,6
1001080093,3,2,2,2,9,3,2,2,1,6
1001080103,1,4,4,-,9,2,4,1,1,8
1001080179,2,2,1,-,5,3,4,2,1,5
1001080182,1,4,1,3,9,2,3,1,-,9
1001080201,2,1,2,1,3,3,2,2,2,7
1001080211,4,3,1,1,7,2,2,1,1,5
1001080217,-,4,2,2,5,2,1,3,4,4
1001080228,4,2,2,3,6,1,6,4,3,13
1001080232,2,1,1,2,5,2,5,2,1,6
1001090009,3,2,2,1,8,3,1,2,2,5
1001090010,4,4,1,-,6,2,5,4,-,6
1001090016,1,2,1,3,6,1,4,2,1,3
1001090019,-,2,1,-,5,3,2,1,2,3
1001090024,-,3,2,-,9,2,2,2,1,2
1001090032,-,4,2,-,5,4,2,1,1,7
1001090037,5,3,3,2,8,4,4,3,1,5
1001090042,-,8,-,-,9,-,5,3,-,7
1001090051,2,6,2,2,8,5,3,2,3,7
1001090057,2,5,3,1,6,-,3,2,-,4
1001090074,7,4,-,1,7,3,3,1,2,4
1001090089,1,2,7,-,5,1,1,2,-,3
1001090090,1,1,-,1,7,-,3,3,1,9
1001090096,-,5,1,-,3,2,3,1,2,5
1001090098,2,2,2,1,5,2,6,3,3,9
1001090100,2,2,1,1,7,4,6,1,1,8
1001090105,2,2,1,1,6,1,3,3,2,6
1001090113,2,4,3,1,6,3,2,3,1,10
1001090119,2,2,2,1,6,6,2,2,3,6
1001090130,-,5,3,-,6,2,3,3,2,7
1001090145,3,1,-,1,6,1,6,5,3,6
1001090154,3,3,1,3,8,-,5,1,1,6
1001090170,-,4,2,-,5,4,6,-,2,10
1001090181,3,5,4,4,4,1,5,1,1,5
1001090187,1,1,2,-,7,1,3,6,-,11
1001090193,3,6,4,-,6,1,4,-,-,10
1001090200,-,4,1,-,5,3,4,-,1,3
1001090206,2,4,2,-,7,3,4,-,-,11
1001100009,-,2,2,3,3,-,1,1,-,2
1001100015,2,4,2,1,5,3,2,3,4,7
1001100016,2,3,1,2,5,1,1,3,3,6
1001100017,-,2,-,1,-,2,1,3,3,5
1001100055,-,6,4,1,6,1,4,1,3,10
1001100063,1,3,3,3,6,-,3,2,2,6
1001100064,1,4,3,1,8,3,5,-,-,7
1001100072,1,4,2,1,7,-,5,2,-,4
1001100073,1,6,2,1,5,1,1,2,2,4
1001100099,2,4,2,1,5,1,4,1,-,5
1001100107,1,2,-,1,8,1,3,1,1,4
1001100108,-,4,2,-,9,3,3,3,1,5
1001100110,3,2,4,1,8,-,4,2,1,6
1001100111,-,5,1,-,7,1,4,2,-,7
1001100113,1,3,1,-,3,-,3,2,-,4
1001100119,-,4,5,2,6,3,4,3,1,12
1001100120,-,2,2,-,10,-,2,1,2,8
1001100121,-,4,-,1,6,-,2,3,1,12
1001110006,2,3,1,2,9,2,5,3,1,9
1001110014,4,2,2,3,8,-,5,1,1,9
1001110015,1,4,-,1,7,1,2,3,1,8
1001110031,-,5,3,-,9,2,3,3,-,3
1001110047,2,4,5,-,4,-,6,3,-,7
1001110049,-,3,3,1,9,2,1,2,-,5
1001110059,5,3,3,1,8,3,3,2,1,7
1001110068,2,2,1,-,9,2,2,2,-,5
1001110069,3,2,2,1,10,3,4,3,1,6
1001110070,3,2,-,1,7,4,3,1,1,7
1001110091,-,2,2,-,9,1,3,1,4,7
1001110095,2,1,2,2,8,1,4,2,1,12
1001110096,2,1,3,3,5,1,2,3,1,7
1001110098,3,1,3,1,5,2,4,-,-,6
1001110111,-,3,1,3,7,1,2,2,3,6
1001110117,2,5,3,2,9,2,2,3,3,9
1001110119,1,3,2,1,10,2,2,1,4,8
1001110120,2,2,2,2,4,-,1,2,4,7
1001110121,-,3,2,4,5,1,3,2,2,5
1001110160,1,5,4,-,5,3,2,-,-,11
1001110165,-,2,6,-,10,3,2,1,2,4
1001110166,2,4,3,1,6,-,5,3,-,5
1001110167,1,3,3,-,10,1,3,2,1,7
1001110168,1,7,5,-,19,4,5,2,-,10
1001130034,-,2,2,-,5,1,3,3,-,6
1001130047,-,7,5,-,9,-,1,4,-,10
1001130048,-,4,1,-,3,1,5,4,-,7
1001130049,-,6,3,-,11,2,2,6,-,9
1001130050,-,5,2,1,3,-,1,1,-,6
1001130066,2,4,1,2,6,4,2,1,2,5
1001130067,4,2,2,1,3,3,3,6,5,5
1001130068,1,3,3,3,5,2,2,1,1,6
1001130069,2,1,1,1,3,1,5,3,-,5
1001130070,3,4,3,3,7,4,4,1,1,6
1001160016,4,2,1,1,4,3,1,6,-,9
1001160035,1,2,2,-,3,2,4,3,1,5
1001160048,2,3,1,-,6,5,7,4,-,10
1001160051,-,2,4,-,10,2,3,2,-,9
1001160059,3,3,1,-,4,1,1,1,3,6
1001160069,2,2,1,-,5,-,3,2,-,5
1001160080,3,1,-,-,7,2,3,1,-,4
1001160087,-,2,1,-,11,3,3,1,-,6
1001160097,2,3,2,3,5,3,6,3,2,10
1001160106,1,2,2,1,5,3,2,1,-,3
1001180082,2,5,2,3,8,3,2,2,2,7
1001180093,5,2,2,2,3,-,5,1,1,5
1001180104,3,4,2,4,9,2,7,4,1,10
1001180113,5,4,3,-,9,1,3,2,3,7
1001180121,1,3,3,1,4,4,1,-,-,2
1001180122,-,3,4,3,14,2,4,1,-,6
1001180123,1,1,2,1,9,1,3,-,-,7
1001180131,1,3,3,1,12,-,4,3,-,8
1001180142,3,2,3,1,7,2,5,1,1,7
1001180151,2,3,3,-,5,3,7,3,-,9
1001180159,2,4,2,1,6,1,2,-,1,2
1001180169,3,3,-,-,7,2,2,2,-,5
1001180178,1,4,2,1,3,2,4,1,2,3
1001180186,1,4,3,-,9,1,1,5,-,6
1001180197,3,2,2,2,3,-,3,4,1,8
1001190006,2,7,3,2,9,2,2,3,2,11
1001190016,5,4,5,2,8,3,2,1,1,2
1001190025,2,3,2,1,6,2,4,3,-,8
1001190028,3,3,3,3,9,4,2,2,2,8
1001190031,-,2,1,1,6,2,4,1,-,7
1001190039,1,3,3,2,9,2,2,6,1,6
1001190040,4,5,5,1,6,2,1,-,1,3
1001190046,2,1,2,3,7,1,1,1,3,6
1001190049,3,3,-,1,6,1,1,3,-,2
1001190059,3,8,-,1,6,3,4,4,2,9
1001190068,2,2,2,1,3,2,4,2,-,7
1001190078,4,3,2,1,10,4,3,3,-,16
1001190085,-,3,1,-,5,1,3,4,-,5
1001190093,3,4,3,2,8,-,4,1,-,3
1001200014,1,-,-,-,3,3,2,2,-,7
1001200019,1,2,2,1,7,2,5,1,1,5
1001200024,1,5,1,1,6,3,7,3,1,5
1001200025,3,3,3,2,10,2,2,1,1,6
1001200033,4,2,1,1,11,1,3,1,5,12
1001200041,1,5,2,-,5,3,7,1,4,10
1001200042,3,1,4,1,6,2,4,1,-,9
1001200052,3,4,-,2,7,5,5,-,2,11
1001200058,2,3,2,1,9,1,2,3,-,8
1001200067,1,6,-,3,5,2,3,2,2,8
1001200073,1,7,2,1,5,1,6,1,2,6
1001200078,3,3,2,2,6,2,3,1,1,6
1001200081,-,2,3,-,9,1,3,3,1,10
1001200083,4,3,4,2,6,1,2,7,1,12
1001200090,2,3,2,-,1,3,3,2,-,7
1001200096,1,3,2,-,7,2,4,1,1,6
1001200109,2,4,2,-,5,2,2,1,1,3
1001200116,5,1,2,2,7,3,6,3,1,10
1001200133,4,4,2,1,8,3,3,2,1,4
1001200155,1,2,2,2,6,3,1,2,-,6
1001200177,1,3,2,1,5,2,3,2,-,3
1001200189,2,2,4,1,9,-,3,5,-,6
1001200197,1,8,4,3,11,-,3,6,-,14
1001200213,1,4,4,-,7,2,2,3,-,10
1001210070,2,2,3,-,5,-,3,2,-,7
1001210086,4,3,1,2,12,2,2,1,1,9
1001210093,2,3,3,-,9,2,6,3,3,7
1001210098,3,2,-,2,7,1,9,5,4,7
1001210107,-,3,1,2,5,-,4,5,1,3
1001210113,1,3,1,1,4,1,6,4,2,7
1001210125,1,4,2,2,4,2,3,2,-,4
1001210129,2,1,3,1,11,2,6,3,1,4
1001210134,-,2,3,3,8,1,4,3,3,7
1001210139,1,4,3,1,2,2,3,2,2,7
1001210144,3,5,4,2,12,4,4,2,2,18
1001210206,2,6,1,-,7,4,2,3,1,2
1001210217,2,-,2,-,4,5,2,4,2,6
1001210235,2,3,3,-,6,3,9,5,2,6
1001210241,-,4,3,-,11,2,1,3,1,16
1001220023,1,4,2,-,10,1,3,2,2,7
1001220027,3,4,2,-,12,2,1,4,2,16
1001220050,2,3,-,4,5,2,2,3,3,6
1001220051,1,3,1,1,13,4,2,3,1,6
1001220060,-,9,3,2,6,-,5,1,-,6
1001220070,3,4,2,1,7,2,2,-,-,3
1001220078,2,8,3,-,10,2,4,1,-,7
1001220085,5,4,1,2,7,1,3,6,4,7
1001220089,2,1,4,2,5,1,1,2,-,6
1001220096,1,7,6,1,4,3,5,1,1,6
1001220097,5,2,6,1,4,3,8,5,2,9
1001220103,2,2,3,1,10,2,4,1,2,5
1001220119,2,4,1,2,10,4,3,1,1,6
1001220147,2,4,2,-,4,3,2,1,3,5
1001220154,6,3,3,2,9,1,4,4,4,6
1001220243,5,4,4,4,9,3,5,-,1,13
1001220254,3,3,3,2,7,1,4,2,2,7
1001220266,3,2,2,1,12,4,4,3,3,5
1001220272,1,6,2,2,10,2,6,5,1,7
1001220279,3,4,1,2,3,2,1,3,2,5
1001230109,1,1,2,-,8,3,2,1,2,8
1001230120,3,4,-,1,12,3,5,3,-,5
1001230127,4,5,2,1,3,2,3,1,1,3
1001230133,1,1,3,-,5,5,3,4,-,8
1001230139,-,1,2,2,5,2,3,2,-,7
1001230142,4,6,3,3,9,-,4,6,3,9
1001230143,2,2,1,1,7,2,2,2,-,14
1001230150,3,5,5,2,10,1,6,4,3,11
1001230153,1,6,1,-,10,1,7,7,-,8
1001230162,3,1,3,3,12,2,3,3,2,6
1001230164,2,5,3,-,8,2,2,3,2,4
1001230170,4,2,-,-,9,3,3,1,1,5
1001230182,6,4,2,2,6,2,6,2,3,4
1001230193,2,3,3,3,3,4,1,4,1,5
1001230213,2,2,3,2,3,-,3,1,1,6
1001230233,3,5,2,-,9,4,4,4,-,10
1001230235,1,2,1,3,5,-,3,1,3,4
1001230243,2,2,3,-,12,3,4,4,2,9
1001230254,-,4,1,2,7,5,6,3,1,4
1001230270,2,5,2,2,7,2,5,3,2,12
1001240023,1,2,6,-,3,3,2,3,1,7
1001240036,2,3,2,-,9,1,7,2,4,5
1001240046,2,1,2,1,2,1,2,3,1,9
1001240051,4,6,3,-,9,1,3,3,-,5
1001240055,2,4,2,-,12,1,3,4,2,9
1001240075,-,-,1,-,11,2,6,2,-,11
1001240079,4,5,2,2,8,3,-,3,2,8
1001240084,-,3,5,2,5,2,2,2,1,5
1001240089,3,2,1,2,4,4,3,1,-,5
1001240099,-,6,1,3,7,3,5,3,1,5
1001240109,1,2,2,1,5,3,3,2,3,8
1001240111,2,5,3,2,7,3,2,3,3,8
1001240119,1,5,7,2,10,-,2,2,-,7
1001240127,2,1,3,4,6,3,2,2,-,4
1001240128,2,3,1,-,11,3,3,2,-,6
1001240130,1,2,1,3,3,5,3,2,1,8
1001240135,1,3,3,1,7,1,1,3,-,5
1001240141,2,5,3,-,14,3,6,3,1,5
1001240144,3,5,2,2,6,1,6,1,1,7
1001240145,1,2,3,3,3,4,2,1,-,4
1001240148,3,6,4,-,10,3,10,4,4,17
1001240153,1,1,3,-,14,-,4,2,3,10
1001240165,2,2,1,2,6,1,4,2,1,5
1001240173,4,5,3,1,10,-,4,3,-,5
1001250008,2,1,3,3,4,2,1,4,3,4
1001250027,5,8,3,-,9,2,3,5,1,19
1001250040,2,3,3,3,7,1,2,1,4,11
1001250054,2,6,2,1,4,-,3,1,1,2
1001250067,4,3,2,3,7,3,3,2,2,7
1001250069,3,5,3,1,5,5,3,1,-,9
1001250075,4,3,3,3,11,3,5,3,2,7
1001250085,6,6,2,2,11,2,3,2,2,9
1001250093,2,3,1,-,8,1,4,3,2,7
1001250101,4,2,2,1,4,1,4,3,1,5
1001250106,5,3,3,1,6,1,6,4,1,8
1001250171,2,2,2,-,14,2,3,3,-,6
1001250173,1,4,4,2,8,1,5,-,1,10
1001250177,3,1,2,2,9,3,9,2,1,4
1001250185,4,2,4,-,3,4,3,2,-,10
1001250193,2,1,3,-,1,4,2,1,1,3
1001250200,2,3,-,1,3,4,3,3,-,8
1001260017,3,3,2,2,3,1,3,2,2,5
1001260018,3,4,1,2,7,2,4,2,-,9
1001260029,2,6,3,5,7,1,3,1,5,8
1001260036,2,3,1,-,7,6,3,2,1,9
1001260045,6,7,4,2,8,3,5,6,3,11
1001260059,-,3,1,3,7,-,1,2,-,4
1001260071,2,1,4,2,7,1,7,2,2,14
1001260073,3,4,1,1,4,2,4,3,1,10
1001260081,2,5,2,-,4,1,2,2,1,5
1001260089,4,6,3,2,10,1,6,1,-,7
1001260103,3,6,5,2,13,-,3,2,-,10
1001260104,-,2,2,-,6,-,2,2,-,7
1001260105,-,2,-,-,6,-,2,1,2,7
1001260117,-,3,3,2,5,1,6,1,-,2
1001260129,2,4,5,1,5,2,5,-,-,2
1001260130,1,3,3,-,4,4,4,1,-,3
1001270018,1,2,2,2,5,2,3,1,-,7
1001270021,1,3,3,-,5,2,2,1,1,3
1001270027,-,1,-,-,4,3,5,2,-,7
1001270044,1,5,2,2,6,5,6,4,-,10
1001270047,5,6,1,2,8,2,5,3,-,9
1001270048,6,5,1,-,10,6,6,4,4,5
1001270049,2,7,-,2,13,3,7,1,-,11
1001270050,-,4,3,-,12,3,4,-,1,7
1001280047,1,3,2,2,6,2,4,2,1,3
1001280054,1,6,3,3,5,3,2,3,-,5
1001280062,1,4,2,2,6,1,4,3,2,6
1001280071,2,4,1,1,3,4,2,2,1,7
1001280081,3,5,4,6,17,1,-,-,2,11
1001280089,2,3,2,2,6,2,2,3,2,5
1001280102,5,2,2,2,8,-,2,1,1,3
1001280109,3,4,4,5,8,2,4,3,2,4
1001290006,3,6,3,2,5,2,4,4,3,8
1001290011,4,3,1,-,2,2,5,2,2,2
1001290018,1,5,1,1,5,3,1,2,2,8
1001290026,2,5,3,2,16,4,7,3,3,19
1001290040,3,3,2,2,3,1,3,1,2,6
1001290055,1,4,2,-,19,6,4,2,1,4
1001290058,3,5,-,-,3,3,5,3,1,13
1001290063,1,5,2,1,7,3,3,-,-,3
1001290080,-,4,2,-,7,3,3,5,1,5
1001290081,3,2,2,-,10,2,2,2,-,8
1001290082,2,5,3,-,2,1,3,3,-,6
1001290083,3,1,-,-,5,2,2,5,4,12
1001290084,2,4,4,3,13,5,2,3,-,10
1001300011,2,3,1,-,6,3,5,2,1,10
1001300015,1,2,-,-,3,4,4,3,3,7
1001300016,1,2,-,-,2,2,3,2,1,7
1001300036,5,5,-,2,5,3,2,4,-,9
1001310008,3,2,5,-,7,-,5,3,-,8
1001310014,4,4,2,1,7,2,-,1,-,5
1001310015,-,4,1,2,11,1,4,1,-,9
1001310016,2,6,3,1,12,3,4,2,1,19
1001310017,1,1,1,-,3,3,3,2,-,6
1001310029,1,4,2,1,4,2,3,1,1,3
1001310030,2,3,1,1,5,2,5,2,-,12
1001330009,-,3,3,2,5,5,4,4,2,7
1001330011,3,1,3,1,5,5,1,1,2,4
1001330012,3,1,6,4,6,2,2,2,2,3
1001330086,4,9,2,3,13,2,2,6,3,6
1001330097,4,-,4,4,5,1,9,5,2,8
1001330099,-,5,3,2,2,2,2,3,1,3
1001340045,1,4,1,1,7,3,6,-,1,13
1001340047,3,6,3,4,10,2,4,1,2,12
1001340048,2,3,1,1,12,1,4,-,2,3
1001340049,-,3,1,2,5,4,4,1,3,7
1001340118,3,3,1,3,11,-,5,-,1,17
1001340124,2,3,1,-,19,3,5,1,5,13
1001340125,1,5,2,1,11,-,2,1,1,9
1001340126,1,5,-,4,10,1,3,1,4,8
1001360062,1,4,-,3,8,3,2,6,2,8
1001360067,1,2,3,3,5,2,3,2,4,5
1001360068,1,2,1,3,6,1,2,4,1,3
1001360069,4,2,1,4,8,-,5,1,3,10
1001360081,2,8,3,3,7,1,4,1,1,9
1001360089,-,2,-,1,5,2,5,1,2,5
1001360090,3,5,2,2,7,2,2,2,1,5
1001370006,-,4,1,2,9,3,4,3,4,8
1001370016,3,4,2,2,8,3,10,2,2,11
1001370017,-,4,2,3,5,1,4,2,2,8
1001370018,2,5,3,3,5,2,4,-,3,9
1001370019,1,3,-,2,6,-,3,-,2,5
1001370020,-,2,4,1,5,1,3,2,2,3
1001370026,1,3,2,2,7,2,5,1,3,4
1001370027,2,1,3,2,5,2,4,2,4,4
1001370028,2,4,3,3,8,3,2,3,-,7
1001370029,3,4,2,2,6,-,4,3,4,11
1001380034,-,3,2,2,6,-,4,2,1,5
1001380037,1,3,1,2,5,-,2,-,3,5
1001380038,-,4,3,6,12,2,2,4,5,16
1001380039,1,4,1,2,11,2,3,1,3,6
1001460147,5,4,-,3,2,3,4,2,2,8
1001460156,6,6,3,3,15,6,7,4,-,15
1001460162,2,4,2,1,6,3,4,3,4,4
1001460170,3,7,4,2,8,5,6,4,-,19
1001460176,3,9,5,3,12,1,11,4,1,13
1001470051,2,6,3,2,4,4,6,2,2,6
1001470062,4,2,5,2,4,1,5,3,1,5
1001470080,1,3,4,1,6,3,3,3,2,7
1001470100,2,6,-,-,3,5,3,1,2,6
1001470111,2,5,5,-,13,3,6,4,2,11
1001470139,5,2,2,3,6,7,5,3,2,9
1001470144,2,2,2,2,7,4,5,3,2,8
1001470151,5,7,3,-,11,3,4,3,4,5
1001470159,1,4,3,-,6,3,4,-,1,6
1001470167,2,3,3,2,5,4,4,2,2,6
1001470224,4,6,3,3,15,3,6,1,1,6
1001470236,2,5,4,1,11,5,2,4,4,7
1001470241,2,7,4,3,8,10,7,4,2,11
1001470247,4,8,2,-,9,3,6,2,4,8
1001470253,4,6,2,2,13,1,8,3,-,9
1001480009,3,7,1,3,8,3,3,2,1,7
1001480016,6,7,3,1,10,3,7,7,1,7
1001480021,2,6,3,1,8,2,4,3,2,4
1001480028,5,2,3,3,5,3,1,2,-,6
1001480035,1,10,4,-,10,3,8,3,-,11
1001480063,3,8,5,3,6,5,7,4,1,11
1001480069,2,7,4,4,12,1,7,4,-,11
1001490050,5,5,2,1,7,1,5,4,-,9
1001490060,3,7,3,2,8,3,4,1,1,6
1001490064,7,4,2,-,8,4,6,2,2,5
1001510075,7,4,2,4,9,2,4,4,-,10
1001510083,1,7,2,1,6,1,4,4,-,8
1001510090,7,8,4,1,8,3,7,1,-,17
1001510095,4,4,3,1,7,4,5,3,3,11
1001510098,3,10,3,5,9,5,7,3,2,7
1001510104,6,6,4,3,8,5,9,2,3,20
1001510120,1,4,3,3,4,1,2,2,1,7
1001510125,2,5,3,3,8,2,6,4,5,10
1001510141,3,6,4,1,7,2,4,3,2,6
1001510148,-,4,2,3,4,2,1,3,2,3
1001510200,2,4,2,2,6,3,4,2,5,3
1001510217,2,7,2,4,16,3,5,6,2,7
1001510234,2,5,-,3,7,2,3,2,3,4
1001510247,8,4,6,3,13,3,8,2,3,11
1001510259,12,10,5,2,8,4,5,4,5,13
1001520022,1,4,3,-,6,5,8,8,2,6
1001520025,2,3,3,1,7,3,2,2,1,5
1001520030,4,5,2,1,8,6,7,-,1,10
1001520041,1,4,4,4,8,5,5,3,1,8
1001520050,-,2,2,1,6,1,3,2,-,6
1001520070,3,5,3,4,9,3,8,4,4,5
1001520076,4,4,4,1,10,2,7,5,-,6
1001520083,1,5,2,2,6,2,2,2,2,2
1001520089,3,3,2,4,12,8,10,3,1,19
1001520097,1,4,5,4,8,5,4,3,5,21
1001520101,2,3,1,2,8,2,8,2,3,5
1001520106,4,6,6,1,15,2,5,3,3,2
1001520109,9,9,7,1,15,5,5,4,6,13
1001520119,3,5,8,3,10,1,5,3,3,13
1001520148,3,4,1,1,7,4,4,3,3,11
1001520155,3,8,2,4,12,3,10,5,-,19
1001520160,1,6,2,2,9,4,4,4,1,10
1001520165,6,7,6,1,9,2,5,4,3,9
1001520171,3,7,1,2,5,4,7,4,3,5
1001520253,4,8,5,4,9,1,4,3,4,10
1001520261,2,6,4,2,7,1,3,4,2,6
1001520271,4,5,2,4,7,2,3,4,4,8
1001520279,3,3,2,7,7,7,19,4,3,11
1001530039,9,6,2,5,11,3,14,5,1,8
1001530048,3,6,6,1,9,2,4,4,1,11
1001530055,3,9,7,3,24,1,10,6,-,22
1001530065,3,10,7,4,6,4,5,3,-,10
1001530074,6,6,4,1,11,3,7,3,5,8
1001530078,5,3,4,1,12,2,9,4,-,10
1001530083,4,7,6,2,11,2,6,3,1,7
1001530089,3,3,1,1,6,2,2,3,2,7
1001530099,5,9,2,2,10,5,7,8,1,12
1001530109,4,5,3,3,6,3,9,6,3,13
1001530113,3,5,3,-,9,2,11,6,4,7
1001530148,2,12,1,2,4,1,4,7,-,14
1001530171,4,9,5,2,12,3,6,5,2,10
1001540008,3,6,3,-,14,4,5,1,1,7
1001540010,4,6,6,2,12,2,5,1,1,8
1001540011,3,2,2,2,5,3,3,4,3,3
1001540022,1,5,2,3,7,3,3,2,1,5
1001540028,3,4,1,-,7,3,6,5,3,14
1001540048,1,6,2,4,7,3,3,3,1,11
1001540061,2,2,2,1,6,5,4,3,-,7
1001540069,3,5,2,2,5,5,5,3,2,9
1001540076,4,10,3,5,12,5,7,1,2,6
1001540082,2,3,1,3,4,1,4,4,3,4
1001540091,2,2,2,1,4,1,4,1,2,2
1001540095,5,10,3,1,13,6,7,4,1,8
1001540103,3,5,2,5,7,2,5,3,4,9
1001540106,3,4,3,6,12,7,15,3,1,7
1001540111,5,7,2,-,11,6,7,2,1,13
1001540121,6,5,3,2,11,2,6,2,1,11
1001540126,4,7,5,2,8,3,8,6,3,10
1001550014,2,4,3,3,4,4,7,4,2,5
1001550021,1,8,4,1,5,2,4,4,-,5
1001550029,7,8,2,2,8,5,7,5,1,6
1001550037,3,6,6,1,20,2,7,4,2,10
1001550042,4,10,5,-,13,4,8,1,-,16
1001550076,1,3,3,1,5,4,4,2,1,6
1001550084,2,4,3,3,5,4,4,3,4,13
1001550098,4,10,3,3,9,4,5,2,2,12
1001550113,1,2,3,2,3,5,4,3,1,3
1001550120,5,5,4,4,8,3,6,5,1,10
1001550160,2,9,8,1,7,1,6,4,1,6
1001550165,1,6,5,4,19,2,5,3,3,9
1001550174,2,4,3,1,5,2,6,2,3,5
1001550183,4,4,3,3,8,4,4,4,3,7
1001550189,4,2,3,3,6,4,4,3,6,2
1001550210,2,7,6,1,13,-,5,1,4,12
1001550219,2,5,2,2,4,5,5,6,3,8
1001550227,-,4,3,2,5,1,3,2,3,5
1001550240,3,3,1,3,8,4,8,4,1,8
1001550248,2,7,6,8,7,4,7,4,2,7
1001560015,5,3,3,3,6,2,4,3,4,6
1001560025,2,2,3,2,3,5,3,-,1,4
1001560037,5,7,5,4,6,2,2,4,2,7
1001560043,2,5,3,4,10,5,6,5,3,14
1001560055,2,9,2,7,18,4,7,4,4,10
1001560063,2,5,4,1,13,7,8,3,5,12
1001560071,3,7,5,2,10,3,7,6,-,26
1001560078,3,3,3,-,5,2,5,2,-,4
1001560087,2,7,5,2,13,4,8,7,2,13
1001570004,3,4,2,2,13,3,2,2,5,4
1001570016,2,6,1,2,4,2,5,3,2,4
1001570022,2,4,3,-,12,2,8,5,2,8
1001570026,6,8,4,2,5,1,5,4,3,8
1001570029,1,12,3,-,11,5,6,3,4,10
1001570035,4,10,4,2,10,2,10,5,-,23
1001570039,4,4,8,2,11,3,6,3,1,7
1001570055,2,5,1,4,6,5,5,2,3,8
1001570064,2,4,2,3,9,5,8,3,1,19
1001570083,3,5,3,3,6,2,4,4,2,5
1001570089,3,4,3,6,4,4,5,7,4,10
1001570093,3,10,6,1,19,3,3,3,4,7
1001570097,1,3,1,2,5,2,8,7,2,8
1001570103,3,5,2,3,5,1,6,6,3,6
1001570108,1,5,4,5,6,3,3,1,2,5
1001570121,1,5,4,1,10,4,3,3,1,9
1001570130,3,5,6,2,19,3,3,2,5,12
1001570147,2,5,5,1,17,7,5,4,3,6
1001570158,1,4,2,4,6,3,4,5,4,6
1001580074,4,7,2,-,13,3,8,2,3,12
1001580084,3,6,6,1,8,5,5,6,-,8
1001580099,4,4,4,2,10,1,4,3,-,4
1001580106,3,9,3,1,10,2,6,5,4,8
1001580113,3,5,1,3,5,2,5,3,3,5
1001580122,3,6,3,3,10,7,5,2,2,11
1001580174,7,9,2,4,12,3,6,3,1,19
1001580187,5,4,4,2,5,2,4,6,3,9
1001580199,3,3,3,4,4,3,3,3,1,3
1001580207,5,10,4,2,10,2,6,4,5,4
1001580216,3,4,3,3,5,1,6,2,2,5
1001590014,3,7,6,4,7,2,8,3,-,19
1001590015,4,9,5,1,15,2,9,3,3,11
1001590017,4,8,5,3,8,7,6,3,3,13
1001590027,6,6,3,3,14,5,7,3,3,9
1001590028,5,7,6,2,15,7,3,2,3,14
1001590029,8,2,1,5,12,8,7,2,2,15
1001590042,-,7,7,1,12,6,7,2,2,12
1001590043,-,6,4,1,6,2,6,4,2,9
1001600016,3,8,4,2,18,3,7,2,-,12
1001600044,7,4,5,1,24,1,13,4,1,19
1001600047,1,15,6,1,22,5,11,6,3,17
1001600049,6,12,5,2,18,1,12,5,1,15
1001600064,3,5,4,1,5,5,6,3,2,9
1001600071,2,6,3,1,9,2,4,1,2,10
1001600072,2,8,3,3,6,4,3,1,2,8
1001600073,3,4,2,4,8,1,5,2,2,12
1001610035,-,5,3,1,11,2,3,2,1,10
1001610037,-,5,2,1,14,2,4,1,-,10
1001610038,12,13,4,3,11,2,5,4,3,5
1001610054,2,4,4,3,11,4,5,3,5,19
1001610068,2,4,3,4,9,4,2,1,3,6
1001610078,1,3,2,3,7,4,4,3,4,9
1001610087,3,9,4,2,22,3,6,5,5,7
1001610108,1,1,3,3,6,3,6,2,2,8
1001610121,-,6,4,1,7,3,2,1,-,7
1001610138,2,4,3,3,5,6,7,4,2,5
1001610149,5,5,4,4,5,2,4,5,2,16
1001610160,4,9,7,2,15,5,6,5,5,6
1001620021,2,11,5,1,17,3,8,3,3,11
1001620032,1,5,5,1,14,3,3,2,2,10
1001620033,3,8,5,1,10,3,7,4,3,7
1001620041,7,2,3,2,7,3,5,2,2,8
1001620049,3,7,3,3,11,4,4,2,3,5
1001620050,2,6,2,-,10,-,4,2,3,8
1001620051,4,8,5,2,13,4,5,4,3,9
1001650049,11,10,4,4,10,5,9,6,4,11
1001650060,1,4,1,6,6,1,2,2,1,5
1001650071,-,4,5,2,8,2,3,2,1,7
1001650079,1,5,2,1,8,3,3,2,2,5
1001650086,2,8,6,2,11,3,11,5,3,24
1001650088,-,11,6,4,8,3,3,6,3,9
1001650093,6,4,6,1,11,7,19,5,-,5
1001660005,2,6,3,3,6,5,13,2,4,4
1001660023,2,4,2,3,6,2,3,4,1,6
1001660032,2,6,2,1,9,2,2,2,3,4
1001660038,4,3,3,4,3,3,6,1,5,7
1001660039,4,6,2,1,10,1,7,3,2,15
1001660044,3,1,1,1,7,4,10,5,2,9
1001660070,3,5,2,2,12,-,10,2,1,16
1001660076,3,6,2,2,16,4,3,4,1,10
1001660086,1,3,3,1,8,1,8,3,2,13
1001660095,6,6,4,-,18,5,7,6,4,13
1001660107,5,3,4,4,13,2,4,2,-,9
1001660113,1,3,4,1,4,3,7,-,1,6
1001660115,1,10,3,-,8,1,8,6,2,8
1001660126,1,5,5,1,4,2,8,3,1,4
1001660137,4,7,2,4,6,4,4,3,1,10
1001660139,1,10,2,-,10,3,9,4,2,12
1001660161,2,5,5,1,12,3,9,1,4,11
1001660162,4,7,3,3,12,5,2,5,-,7
1001660164,2,7,4,4,24,2,10,5,-,11
1001660169,1,5,5,-,6,3,4,2,2,9
1001660178,-,4,1,1,13,2,2,4,4,5
1001660179,2,6,3,-,4,2,7,1,2,12
1001660181,2,7,6,3,11,3,4,1,1,8
1001660191,2,8,2,1,12,1,10,3,2,10
1001670029,3,8,4,1,15,7,9,2,5,13
1001670043,-,15,7,2,15,2,5,11,1,14
1001670056,2,6,6,4,9,1,8,3,2,9
1001670057,5,5,5,6,10,4,9,2,1,28
1001670058,1,6,4,1,11,9,10,4,2,7
1001670066,4,4,3,4,7,3,5,2,2,10
1001670072,4,3,2,1,5,3,5,1,-,8
1001670073,2,5,3,1,15,7,11,3,4,14
1001670074,-,4,1,2,5,4,5,2,1,13
1001670080,3,5,1,-,12,2,4,4,1,9
1001670101,1,2,1,1,5,2,3,4,3,5
1001670110,4,3,-,2,9,2,4,6,-,8
1001670111,1,1,2,2,6,2,4,4,3,8
1001670112,2,4,1,3,10,3,2,4,2,4
1001670114,5,5,3,1,5,3,7,2,2,13
1001670118,2,3,2,1,7,3,2,1,-,3
1001670122,-,7,3,3,10,4,4,3,1,9
1001670132,4,6,1,3,8,1,5,2,3,10
1001670136,2,8,2,3,16,4,4,2,2,11
1001670137,3,2,2,1,12,2,4,2,3,16
1001670138,3,8,6,1,14,1,17,3,1,18
1001670139,4,6,-,1,11,6,3,4,5,7
1001670144,6,3,5,5,14,4,9,1,1,15
1001670153,2,7,3,-,9,3,6,3,-,14
1001670163,3,6,-,-,20,1,15,5,-,22
1001670184,1,11,2,4,12,3,6,3,2,12
1001670199,2,4,2,1,12,1,6,2,2,7
1001670206,7,3,2,2,13,2,5,5,1,15
1001670219,1,5,2,2,10,4,4,2,2,12
1001670232,4,6,1,1,10,4,4,4,4,9
1001670233,4,4,4,3,6,4,4,-,1,6
1001670234,4,5,2,2,3,1,3,2,2,7
1001670235,3,8,4,3,13,7,3,-,-,12
1001670241,3,10,3,-,15,1,4,4,4,13
1001670245,2,4,7,2,9,3,2,7,4,7
1001670246,7,8,3,4,20,-,14,5,3,15
1001670252,3,5,4,2,6,1,3,-,-,7
1001670253,1,3,6,2,13,3,6,9,3,9
1001680072,4,7,4,2,21,5,3,8,3,17
1001680101,5,5,4,3,12,3,5,4,-,13
1001680116,3,5,2,3,8,1,4,3,3,9
1001680128,2,5,1,2,7,1,7,3,2,10
1001680157,7,9,5,3,12,6,10,1,5,12
1001680182,6,9,5,4,9,5,3,9,3,10
1001680190,3,9,5,3,22,6,11,5,3,9
1001680206,3,6,5,4,8,2,7,6,2,19
1001680209,4,5,3,1,16,1,8,3,4,14
1001680218,1,5,4,2,9,4,2,3,-,7
1001680243,5,9,5,5,8,1,7,3,1,16
1001680246,1,4,3,1,11,2,4,5,-,7
1001680254,5,6,4,1,11,2,6,5,1,10
1001680273,2,8,4,2,11,2,3,2,-,9
1001680274,2,7,5,1,8,5,11,3,3,10
1001680281,8,6,3,3,17,2,9,5,3,10
1001690019,5,6,2,1,14,3,7,4,1,17
1001690044,1,6,4,1,15,3,7,4,1,15
1001690053,3,7,3,1,10,6,5,4,3,8
1001690064,5,7,6,6,19,4,9,5,1,13
1001690070,1,2,1,2,12,3,2,1,4,9
1001690073,2,3,2,2,5,2,5,1,1,9
1001690074,2,5,2,-,13,2,15,5,4,12
1001690076,1,3,2,2,9,2,1,1,3,8
1001690079,2,5,3,1,8,4,2,2,1,6
1001690083,3,5,7,3,17,2,8,4,2,12
1001690089,3,8,2,2,13,3,8,6,4,12
1001690095,1,4,1,3,7,2,5,3,3,5
1001690096,2,5,3,3,9,2,4,4,2,9
1001690097,3,5,5,4,7,4,5,3,2,10
1001690098,4,6,5,6,11,3,7,6,7,12
1001690102,3,7,4,2,8,4,3,7,1,9
1001690113,1,8,5,3,11,3,6,2,4,10
1001690128,4,7,4,3,6,-,8,3,4,9
1001690145,3,3,3,1,10,4,4,2,4,11
1001690146,4,4,5,5,11,1,4,3,4,10
1001690172,5,5,3,3,9,4,4,3,1,12
1001690173,2,4,5,4,10,3,9,7,6,11
1001690174,2,5,5,3,12,2,4,3,2,9
1001690178,1,14,5,-,23,5,3,2,4,16
1001690187,2,4,5,2,11,4,6,2,3,13
1001690188,5,6,3,3,14,1,11,7,1,16
1001690189,4,11,4,-,5,3,5,6,2,16
1001690196,-,5,6,4,11,2,6,3,-,7
1001700007,1,7,1,3,10,1,3,6,2,6
1001700033,2,8,6,5,15,4,5,4,4,18
1001700035,3,2,2,5,12,3,9,4,2,8
1001700048,5,4,3,3,6,5,5,4,3,7
1001700064,2,4,7,3,5,5,6,3,1,6
1001700085,2,10,2,-,14,2,6,4,4,16
1001700087,1,9,5,2,15,2,6,6,3,6
1001700101,2,6,4,2,20,3,10,4,5,26
1001700102,4,4,5,1,15,6,5,3,5,13
1001700108,4,7,2,4,11,3,2,4,-,15
1001700214,3,8,5,2,12,-,5,4,3,13
1001700218,3,3,3,4,6,4,6,1,1,8
1001700226,2,6,1,-,13,5,4,1,4,11
1001700227,1,7,6,2,23,4,6,4,4,17
1001700228,1,6,5,3,24,10,7,5,4,15
1001700232,1,8,3,5,25,4,4,1,1,12
1001700244,3,6,2,-,7,2,5,3,3,11
1001700245,3,6,2,3,9,2,5,2,3,12
1001700246,3,5,4,4,10,-,6,3,-,5
1001700254,1,6,4,-,2,2,3,4,5,6
1001710008,6,2,1,3,5,5,8,1,2,11
1001710023,4,9,4,4,16,5,6,4,4,12
1001710025,1,5,5,3,15,3,5,9,5,12
1001710039,1,4,6,6,5,3,3,1,2,16
1001710054,2,1,2,6,10,4,7,-,4,18
1001710073,5,6,4,3,12,5,7,2,4,7
1001710075,2,5,3,2,10,3,5,4,2,9
1001710091,4,2,4,4,11,1,5,4,2,8
1001710092,3,9,2,-,11,6,4,1,-,10
1001710102,4,4,3,2,12,2,2,1,-,9
1001710205,1,3,6,4,5,-,6,-,4,5
1001710207,4,6,7,7,22,4,5,4,2,11
1001710228,2,4,-,1,10,3,2,3,3,6
1001710230,3,4,4,4,8,3,5,2,3,12
1001710231,2,3,2,2,11,3,5,3,1,8
1001710238,3,7,3,7,11,5,7,2,3,10
1001710239,3,2,1,2,7,1,4,2,1,7
1001710240,1,8,4,1,10,2,3,3,4,9
1001710249,1,9,3,3,11,1,7,2,2,11
1001710250,5,7,2,2,8,2,6,3,2,4
1001720037,5,10,3,-,10,3,4,5,4,19
1001720042,5,6,-,3,12,3,8,4,-,8
1001720043,4,3,4,4,11,4,2,3,1,8
1001720064,3,1,4,1,7,4,6,3,2,9
1001720068,5,4,4,-,16,-,16,7,4,20
1001720078,-,8,5,3,9,3,4,1,-,6
1001720086,4,11,3,1,10,5,12,4,1,7
1001720108,4,5,2,1,7,2,7,2,2,8
1001720111,3,5,3,5,5,1,3,4,3,8
1001720116,1,4,4,3,7,1,6,4,2,10
1001720119,1,9,2,5,8,3,6,5,6,7
1001720120,5,7,-,1,6,1,5,2,1,5
1001720127,1,16,7,4,19,2,10,6,1,10
1001720133,2,6,3,1,6,6,8,2,1,16
1001720134,3,8,2,1,9,2,5,4,1,6
1001720142,1,4,2,5,17,2,6,2,2,8
1001720149,3,9,5,3,16,2,2,3,8,14
1001720165,1,5,8,2,8,4,7,3,3,8
1001720166,5,2,4,-,7,3,4,3,2,11
1001720169,4,11,3,4,6,4,4,5,-,14
1001720170,2,5,4,3,14,1,4,2,4,14
1001720171,2,6,6,5,13,3,6,6,1,12
1001720176,6,6,6,4,18,1,6,4,2,11
1001720177,5,5,4,4,9,2,4,3,1,5
1001720185,5,7,6,1,17,3,7,2,5,15
1001720186,4,5,5,5,24,9,11,5,6,14
1001720187,2,9,2,1,17,5,9,4,5,13
1001720189,3,6,3,-,10,1,13,4,2,11
1001720192,2,5,3,3,5,1,3,3,6,12
1001720194,2,4,-,3,8,4,6,2,2,8
1001720196,1,11,1,2,11,2,3,6,-,11
1001720199,4,6,4,3,11,5,6,-,-,14
1001720220,8,10,3,2,12,4,7,4,2,17
1001720230,4,7,-,4,26,7,10,4,4,13
1001720232,4,2,3,-,7,2,4,3,2,6
1001720233,3,7,4,2,18,2,8,3,1,15
1001720238,2,8,1,1,14,2,9,6,4,19
1001720247,2,10,7,1,13,4,5,2,1,12
1001720248,-,4,2,1,7,1,3,1,3,7
1001720249,6,9,1,3,11,3,7,7,3,11
1001720257,3,10,4,6,16,4,8,1,4,16
1001730012,2,8,4,2,10,5,5,2,3,11
1001730026,2,8,2,1,7,4,5,4,3,18
1001730032,4,6,3,2,17,1,7,3,3,11
1001730035,3,8,4,-,9,3,4,4,1,5
1001730039,5,3,2,3,5,-,5,4,2,6
1001730040,2,6,4,3,4,2,3,2,1,4
1001730041,5,5,5,3,9,3,4,1,2,4
1001730042,1,3,-,3,8,1,7,2,2,6
1001730043,3,2,3,2,4,4,4,1,4,7
1001730047,4,2,3,1,12,2,4,1,3,13
1001730049,2,3,3,1,10,3,4,3,1,8
1001730051,3,6,2,1,14,4,7,3,4,12
1001730057,6,6,3,7,15,2,4,2,1,13
1001730059,2,4,3,2,4,2,4,4,4,7
1001730060,2,6,4,3,15,5,6,5,-,19
1001730061,3,3,2,1,10,3,2,3,3,6
1001730064,-,4,2,2,5,3,4,-,-,6
1001730068,3,4,2,4,6,2,4,1,2,9
1001730069,4,8,4,1,12,2,6,3,2,14
1001730080,5,2,1,-,9,2,11,3,3,13
1001730081,1,3,1,3,6,2,3,2,1,8
1001730093,4,2,4,4,6,1,4,1,3,5
1001730094,3,8,5,3,10,1,6,3,1,7
1001730095,5,5,6,-,9,4,4,1,-,6
1001730096,4,2,7,6,9,2,5,3,1,19
1001730099,3,7,5,4,8,3,8,5,5,8
1001730100,4,5,2,1,6,2,6,1,3,8
1001730107,3,9,2,2,19,2,3,3,5,6
1001730115,1,5,3,2,8,5,4,5,5,7
1001730117,4,8,1,2,15,4,9,4,2,12
1001730132,2,6,2,2,7,3,5,4,5,7
1001730138,3,2,3,3,4,2,4,2,3,5
1001730142,3,7,4,3,11,3,4,4,4,7
1001730143,4,3,1,1,11,4,4,5,3,8
1001730150,2,4,5,-,7,4,1,1,-,8
1001730162,2,4,4,1,14,9,5,3,1,15
1001730164,2,4,1,-,7,2,6,5,2,8
1001730181,2,1,1,-,9,5,5,2,4,6
1001730183,3,8,2,1,17,3,3,4,2,13
1001730184,4,7,3,2,17,2,6,3,3,15
1001730195,4,3,2,1,11,-,6,2,-,5
1001730207,1,5,6,3,12,5,5,7,2,11
1001730209,1,6,3,3,3,3,4,1,3,12
1001730210,3,4,3,2,7,4,2,2,5,8
1001730212,4,3,2,2,10,-,3,3,-,4
1001730225,2,5,2,1,4,3,5,5,4,5
1001730247,4,3,2,2,5,2,4,3,-,5
1001730252,3,3,4,1,9,3,6,1,4,7
1001730265,3,4,6,2,11,5,6,6,3,13
1001740004,1,8,3,2,3,2,3,7,4,14
1001740012,1,4,2,2,10,2,6,4,3,6
1001740013,2,7,3,2,6,2,2,2,-,8
1001740014,6,5,4,2,9,9,8,5,-,7
1001740018,4,5,2,2,4,3,6,1,-,5
1001740024,8,9,5,-,10,5,3,4,4,7
1001740025,6,4,-,4,5,4,5,3,1,9
1001740027,7,6,3,2,9,2,3,4,3,9
1001740053,1,4,2,2,7,4,5,1,3,11
1001740078,4,10,2,4,15,3,4,4,3,8
1001740085,5,4,4,-,9,2,6,5,3,7
1001740096,3,5,2,1,14,4,7,2,6,11
1001740167,4,2,5,3,11,7,8,4,3,11
1001740190,2,7,4,6,20,4,4,4,3,19
1001740199,6,5,7,4,8,-,6,2,3,9
1001740201,4,6,5,4,8,4,3,2,1,10
1001740213,4,4,3,-,12,1,6,1,1,5
1001740214,3,5,3,3,8,5,7,5,-,10
1001750008,3,7,1,2,8,2,4,3,-,11
1001750022,2,4,2,2,8,1,5,2,1,7
1001750023,3,4,-,3,12,6,7,3,6,10
1001750030,9,5,2,7,10,3,6,1,1,12
1001750032,5,2,2,4,12,3,6,5,1,15
1001750049,3,6,6,1,9,3,5,1,2,6
1001750055,3,5,1,4,6,2,8,7,2,11
1001750056,1,8,5,2,7,3,7,7,4,13
1001750066,5,8,7,5,19,2,6,3,3,8
1001750067,6,5,1,4,7,5,7,7,4,14
1001750124,5,7,6,5,15,3,2,1,2,18
1001750133,3,1,3,1,9,-,8,1,4,9
1001750134,3,5,4,2,6,4,2,2,3,11
1001750135,4,12,8,2,13,5,5,2,3,9
1001750142,5,4,3,1,11,2,7,5,-,13
1001750143,1,9,7,1,9,6,3,1,1,13
1001750161,5,5,6,5,8,4,4,2,4,3
1001750187,4,3,4,2,3,2,1,4,5,6
1001750188,3,7,2,-,14,6,4,1,1,12
1001750203,5,4,-,1,9,5,3,2,2,12
1001760025,3,6,6,3,6,6,4,2,-,10
1001760045,4,5,2,-,10,5,5,3,4,10
1001760049,1,6,1,2,7,3,4,1,1,4
1001760053,2,4,-,3,5,3,3,3,1,5
1001760063,4,4,1,-,12,1,6,1,4,7
1001760065,1,3,1,3,5,3,4,3,2,2
1001760091,2,4,3,1,9,1,7,3,4,9
1001760092,2,3,2,4,6,2,4,1,-,7
1001760098,3,2,4,3,8,2,5,3,3,6
1001760107,7,4,4,4,11,3,7,4,1,10
1001760117,2,8,3,2,9,6,8,4,1,16
1001760118,3,6,3,1,11,8,4,4,5,12
1001760146,2,4,3,3,5,3,5,5,4,6
1001760157,3,7,2,2,5,3,4,2,2,5
1001760159,2,2,3,2,8,5,2,2,2,7
1001760168,5,3,3,3,5,2,4,5,2,7
1001760179,2,4,1,2,7,5,7,3,4,4
1001760181,4,7,3,1,14,4,6,2,3,5
1001760201,2,5,1,5,4,2,4,4,3,11
1001760202,5,8,5,1,9,4,6,6,1,13
1001760204,4,4,4,5,9,3,2,3,2,9
1001760206,1,3,3,4,7,1,4,3,2,5
1001760216,4,9,4,4,19,5,5,5,4,10
1001760217,4,2,3,1,8,2,5,3,4,5
1001760218,1,4,3,5,8,4,5,5,1,10
1001770009,2,4,2,4,4,2,5,3,4,9
1001770023,4,8,2,4,8,2,5,8,5,8
1001770025,3,4,3,1,4,3,6,2,5,5
1001770034,1,3,5,4,8,4,2,4,2,5
1001770051,5,5,5,4,9,4,9,7,2,9
1001770052,2,5,2,5,4,7,6,2,5,11
1001770054,2,15,5,-,11,3,7,4,2,8
1001770058,4,10,3,-,4,1,10,5,1,11
1001770059,1,12,4,1,13,4,7,2,3,8
1001770070,5,6,7,2,10,5,3,6,3,9
1001770071,3,5,5,3,9,2,6,2,-,3
1001770076,2,3,6,6,10,4,5,4,3,8
1001770077,2,3,1,-,6,3,4,3,3,4
1001770086,3,5,3,2,7,5,4,2,5,10
1001770088,1,6,2,1,10,4,5,2,-,7
1001770094,1,5,3,1,11,5,3,-,2,14
1001770095,4,6,2,3,14,7,6,4,2,11
1001770098,2,4,-,3,11,3,3,6,3,7
1001770100,8,7,3,2,7,2,3,2,6,4
1001770101,1,7,3,1,7,3,5,4,3,10
1001770120,2,5,1,5,7,3,8,3,3,11
1001770122,4,7,2,3,16,2,7,6,-,9
1001770129,3,10,3,2,7,7,4,7,3,12
1001770141,5,6,1,3,6,2,5,3,2,7
1001770145,4,3,2,2,9,1,4,2,4,7
1001770146,3,8,4,1,12,1,3,-,2,11
1001770147,1,5,2,3,5,2,3,5,2,4
1001770148,2,5,2,-,4,3,4,3,2,9
1001770250,1,4,3,3,3,4,1,2,1,3
1001770255,4,11,6,1,12,4,5,4,6,6
1001770270,5,5,5,1,11,4,6,2,3,6
1001770271,4,3,1,2,4,3,4,2,1,12
1001770273,4,7,3,2,10,6,5,5,6,9
1001770274,5,6,11,5,7,4,3,3,-,7
1001770287,1,5,2,6,19,3,5,4,4,15
1001770288,3,6,-,3,6,2,9,6,3,4
1001770289,1,5,3,4,10,3,3,5,4,7
1001770300,2,4,3,3,7,5,5,2,1,6
1001770301,1,5,3,3,6,-,4,4,2,9
1001770314,-,6,2,3,7,3,3,5,4,9
1001770315,-,2,3,1,4,1,3,1,1,8
1001770317,8,5,4,4,14,4,7,4,7,11
1001770318,2,7,3,3,11,3,7,2,4,11
1001770324,3,6,1,-,10,5,3,2,3,3
1001770330,2,5,4,6,7,4,7,4,3,8
1001770333,4,6,-,7,4,4,4,1,-,15
1001770335,5,7,3,2,7,3,2,5,5,6
1001780010,2,6,3,6,8,7,5,4,2,7
1001780024,3,6,2,1,7,3,8,1,4,5
1001780025,6,4,4,1,13,1,7,3,3,9
1001780026,3,6,1,1,12,1,5,5,2,6
1001780087,2,10,3,-,13,2,8,2,1,7
1001780095,3,20,6,1,15,2,6,5,1,8
1001780096,1,15,5,-,16,-,2,3,1,18
1001780097,1,19,4,-,13,1,6,3,1,10
1001780098,2,8,3,-,14,4,1,2,-,10
1001780104,5,7,5,1,8,6,9,4,1,9
1001780119,4,9,4,-,9,2,6,6,3,12
1001780152,3,3,2,4,8,5,4,6,3,11
1001780162,-,2,3,2,6,5,4,2,3,6
1001780163,4,5,9,2,15,2,6,4,3,4
1001780175,1,5,4,1,8,5,6,8,5,9
1001780176,6,5,7,3,10,3,7,3,4,5
1001790026,3,8,4,5,8,3,4,1,3,10
1001790043,4,1,2,3,9,4,6,3,4,6
1001790044,6,9,3,5,8,4,1,2,2,17
1001790053,3,4,1,4,4,3,2,6,4,6
1001790055,4,8,5,1,13,1,10,4,1,9
1001790058,2,5,2,-,8,1,7,4,-,9
1001790059,3,5,4,-,5,-,7,3,-,11
1001790061,4,1,9,4,8,3,5,4,3,4
1001790062,2,6,5,5,3,3,6,8,3,9
1001790068,1,3,4,1,3,3,3,1,-,9
1001790082,6,6,2,5,11,2,5,2,3,3
1001790086,3,6,8,3,14,5,5,11,4,15
1001790100,6,4,5,3,9,3,4,2,2,10
1001790146,4,4,3,3,6,4,5,2,4,4
1001790154,2,5,2,4,4,3,9,3,3,9
1001790155,4,6,1,3,7,2,9,2,5,6
1001790158,2,5,4,3,12,4,10,5,3,10
1001790168,3,9,2,1,10,7,5,3,2,7
1001790178,4,4,3,5,8,3,4,4,4,10
1001790194,-,6,4,4,9,3,8,3,4,9
1001790195,2,8,-,4,8,4,2,1,4,12
1001790199,3,6,5,2,8,2,8,6,3,10
1001790206,4,3,5,2,7,3,5,6,1,3
1001800007,1,4,4,3,6,2,8,3,3,4
1001800017,3,7,2,3,7,1,4,2,3,10
1001800018,5,6,4,1,18,9,4,4,4,17
1001800024,7,4,5,5,7,-,5,5,-,7
1001800025,4,10,4,3,16,8,3,5,6,9
1001800033,6,10,2,2,11,3,3,5,2,7
1001800048,3,7,2,3,7,7,3,5,3,7
1001800049,3,3,3,3,9,3,6,3,5,10
1001800053,3,4,5,2,14,3,4,3,-,14
1001800055,1,7,3,3,8,1,4,2,-,8
1001800057,2,9,4,2,9,4,5,2,-,13
1001800062,3,3,2,3,5,4,3,1,2,3
1001800069,2,4,5,4,6,2,6,6,1,5
1001800086,4,3,3,1,6,4,4,4,3,6
1001800092,3,8,3,1,11,5,9,4,1,7
1001800102,1,6,3,2,3,1,8,3,2,5
1001800106,2,6,5,4,14,3,5,4,6,5
1001800114,2,5,3,3,5,3,4,3,4,9
1001800115,8,4,17,6,17,10,10,4,2,17
1001800124,3,9,5,1,7,7,3,14,7,12
1001800126,5,4,12,9,17,7,9,6,1,17
1001800131,6,3,3,4,7,1,4,1,1,13
1001800149,3,5,1,-,8,3,4,4,3,9
1001800150,5,4,5,5,7,5,2,1,-,11
1001800151,4,2,10,4,12,1,5,4,4,19
1001800167,1,5,3,1,3,4,4,2,4,3
1001800169,4,3,1,3,6,2,4,4,3,5
1001800176,4,2,3,3,2,1,5,2,1,2
1001800189,1,4,4,1,4,2,6,2,4,6
1001800190,2,4,4,5,4,2,5,2,4,1
1001800191,2,6,1,1,7,4,3,4,2,7
1001800202,4,5,3,4,6,5,5,1,5,11
1001810013,4,6,7,3,9,7,7,2,1,14
1001810016,4,6,3,4,7,5,3,4,-,12
1001810017,3,4,4,2,3,2,3,3,-,5
1001810018,5,2,2,-,5,2,2,3,2,6
1001810023,2,4,3,2,5,2,4,2,1,8
1001810029,1,6,6,5,12,5,8,4,1,15
1001810030,1,5,2,2,7,1,4,3,-,6
1001810031,2,6,3,3,10,3,3,-,2,8
1001810038,2,7,3,4,13,5,7,2,3,15
1001810039,3,7,4,2,8,6,3,1,1,12
1001810041,4,6,4,2,5,4,4,1,-,8
1001810051,2,4,4,-,7,3,9,5,-,10
1001810052,4,4,2,1,9,2,2,2,-,8
1001810055,4,2,3,3,11,3,4,5,2,9
1001810061,2,10,3,3,12,4,3,1,1,13
1001810062,2,7,4,-,10,5,12,5,2,12
1001810063,2,6,3,1,12,4,6,2,-,6
1001810064,3,6,-,1,11,2,7,3,-,14
1001810066,4,4,6,3,16,5,2,4,3,12
1001810067,3,6,3,2,15,4,6,3,3,12
1001810068,5,5,6,4,8,2,4,5,4,14
1001810071,3,5,3,3,13,5,3,5,3,16
1001810093,3,5,8,4,6,2,8,2,3,7
1001810094,3,10,4,4,11,1,6,1,3,9
1001810095,3,2,5,2,9,2,6,3,3,9
1001820029,1,7,4,-,7,2,6,4,1,9
1001830080,3,4,5,2,10,4,10,2,3,7
1001830086,3,6,3,3,6,1,4,4,1,9
1001830087,4,8,2,5,16,1,2,4,4,19
1001830088,5,8,5,3,9,1,6,5,3,17
1001830089,2,8,3,3,8,1,5,2,4,7
1001840094,2,5,1,5,9,4,9,5,5,14
1001840103,5,4,4,5,10,1,4,6,4,7
1001840104,2,6,4,3,3,2,6,7,4,8
1001840105,1,10,4,3,14,4,8,4,3,11
1001850020,2,3,2,3,10,2,7,5,-,8
1001850025,3,3,2,3,15,6,5,2,1,9
1001850026,7,5,3,1,8,2,1,2,-,9
1001850046,3,4,3,3,11,1,5,5,3,13
1001850052,3,3,7,3,7,1,7,3,1,7
1001850053,1,4,4,4,6,4,6,4,2,6
1001850054,3,7,4,2,7,1,2,3,2,10
1001860024,3,4,4,4,9,5,3,4,-,4
1001860031,5,7,2,1,8,3,6,6,5,4
1001860032,2,4,5,4,8,4,4,4,-,6
1001900061,4,12,7,2,14,1,5,5,4,14
1001900065,-,8,5,1,23,5,6,2,3,17
1001900074,2,11,6,3,14,2,6,9,4,18
1001900078,3,8,6,1,21,2,15,3,4,17
1001900079,3,9,4,4,20,2,5,8,1,22
1001900143,4,10,5,2,17,4,12,4,9,14
1001910097,3,3,8,3,22,3,13,3,6,26
1001910119,2,4,1,4,10,-,14,7,5,10
1001910125,2,6,3,3,12,3,14,3,6,12
1001910133,7,9,2,5,7,3,4,3,1,10
1001910148,2,6,3,1,13,6,7,7,10,13
1001910186,2,4,4,8,14,4,10,5,1,14
1001910188,1,10,2,5,9,2,2,-,-,10
1001910196,3,4,2,-,14,2,7,5,-,9
1001920039,3,12,4,-,15,4,6,5,2,11
1001920051,4,7,4,4,8,2,4,6,1,9
1001920057,2,6,2,5,16,8,10,6,1,15
1001920069,5,12,5,2,24,2,6,8,5,23
1001920107,1,7,3,2,10,8,7,7,5,7
1001920165,7,11,8,5,14,7,3,6,5,14
1001930081,1,3,4,3,14,12,15,8,3,15
1001930095,1,7,5,5,16,6,6,6,4,16
1001930103,1,12,12,7,21,1,11,2,3,13
1001930105,4,7,5,5,9,1,6,7,6,17
1001930120,2,15,4,2,16,3,4,5,2,11
1001930127,3,9,6,6,12,4,7,5,2,10
1001930129,8,5,1,1,15,1,7,2,6,24
1001930130,6,11,9,5,23,4,9,4,6,19
1001930136,4,4,5,8,19,1,8,3,3,18
1001930138,3,6,4,2,18,4,5,7,5,18
1001930163,7,6,4,7,26,12,12,9,7,20
1001930167,7,8,6,7,9,5,6,6,1,15
1001930178,4,11,6,2,14,8,12,8,6,13
1001930179,-,8,8,9,16,3,14,4,2,20
1001940032,4,8,2,3,19,7,5,5,4,22
1001940117,4,3,3,1,5,4,4,5,4,9
1001940129,3,5,2,10,19,6,6,2,8,25
1001940136,3,7,6,5,11,3,4,4,5,8
1001940137,1,7,4,4,29,2,18,7,7,27
1001940150,6,7,5,4,17,2,11,3,5,17
1001940155,2,4,8,6,13,2,8,4,3,18
1001940156,3,6,5,5,15,6,11,4,4,7
1001940165,13,11,6,10,17,3,5,6,4,17
1001940166,1,5,13,3,17,7,9,4,10,16
1001950025,4,4,7,1,14,-,6,2,2,20
1001950027,2,8,3,1,9,2,8,2,3,13
1001950028,5,11,12,3,21,4,4,1,3,17
1001950034,1,4,5,4,12,2,5,7,2,15
1001950041,11,12,11,6,19,1,8,4,3,13
1001950051,3,9,5,5,12,6,11,6,5,9
1001950052,9,10,12,6,16,2,6,5,4,23
1001950053,2,6,2,5,17,4,4,2,6,15
1001950057,3,7,6,8,21,3,7,3,6,20
1001950066,3,5,4,5,10,3,8,4,1,6
1001950076,1,11,4,3,17,9,8,5,6,25
1001950081,4,7,6,1,9,4,6,6,4,9
1001950089,4,15,5,4,19,1,5,9,3,20
1001950090,2,6,3,1,8,1,3,6,3,8
1001950126,3,5,3,3,13,5,4,5,1,8
1001950156,3,8,4,1,16,2,8,5,6,19
1001950166,3,9,5,5,21,3,11,8,3,27
1001950169,2,1,3,3,7,7,1,3,3,13
1001950175,4,9,7,5,16,8,5,4,3,17
1001960068,3,10,5,4,18,4,10,7,3,15
1001960080,8,7,4,6,12,6,10,5,6,17
1001960098,2,5,5,4,13,2,7,3,2,12
1001960100,12,5,4,2,20,5,4,12,4,15
1001960106,1,5,6,4,13,3,4,3,2,14
1001970008,1,7,4,5,9,6,10,6,2,14
1001970013,4,4,3,7,18,4,4,8,2,13
1001970014,6,5,12,2,15,3,1,1,1,10
1001970025,2,9,2,2,16,4,9,9,5,17
1001970026,6,8,14,2,22,4,4,4,3,15
1001970034,5,14,6,3,28,4,9,7,5,17
1001970045,3,6,6,5,13,7,8,5,9,19
1001970059,2,7,5,3,15,2,11,5,3,17
1001980175,3,8,3,3,15,5,5,8,7,22
1001980181,7,7,3,4,20,2,9,6,1,16
1001980182,-,3,5,10,20,9,11,5,-,17
1001980183,2,8,4,4,8,3,4,7,1,8
1001980189,1,7,3,4,10,3,5,6,3,7
1001980198,12,9,8,7,24,3,10,5,6,16
1001980207,4,3,4,5,16,8,4,7,5,23
1001980208,4,8,5,6,7,1,7,4,3,10
1001980215,3,5,4,3,9,3,12,6,6,13
1001980228,3,5,5,5,15,8,10,6,3,12
1001980234,16,7,4,3,19,5,6,7,7,23
1001980235,3,9,6,1,13,3,6,4,2,10
1001980246,4,4,5,1,9,1,8,4,1,11
1002040154,1,5,4,2,7,-,6,2,3,7
1002040216,3,5,5,5,7,5,9,3,4,5
1002040221,1,10,4,1,15,4,13,4,5,13
1002040239,7,17,6,9,19,2,14,-,2,25
1002040240,4,15,4,2,12,1,11,5,4,6
1002040245,1,6,2,6,12,9,16,2,3,10
1002040246,7,13,4,1,12,2,9,4,2,27
1002040257,6,14,3,3,19,1,7,1,4,14
1002040258,3,13,3,2,28,5,13,7,1,12
1002040259,3,2,3,4,14,2,6,6,5,12
1002040260,3,8,3,6,9,5,5,3,4,20
1002040268,1,11,3,2,25,6,8,4,4,17
1002040269,1,6,3,3,9,2,6,2,5,9
1002040275,1,8,3,3,8,2,4,3,2,5
1002040276,4,9,3,6,13,3,11,3,1,12
1002040277,7,13,4,3,17,4,9,6,3,12
1002040283,1,9,2,5,12,5,15,6,-,11
1002040295,3,8,-,4,6,1,4,3,3,8
1002040296,4,11,7,4,7,1,15,5,2,17
1002040305,5,14,5,4,7,5,14,5,5,9
1002040306,3,9,5,5,5,2,10,4,4,8
1002040313,3,7,5,7,11,6,6,7,5,8
1002040330,3,5,5,3,4,4,6,3,3,10
1002040332,2,9,5,3,13,2,12,7,4,9
1002040346,10,11,4,9,25,4,16,4,2,21
1002040347,1,6,3,2,4,4,8,4,2,7
1002040367,4,6,2,8,14,1,4,5,4,8
1002040378,3,7,5,4,12,1,6,3,3,8
1002040389,1,5,2,5,8,6,11,4,3,10
1002040390,2,5,2,2,8,4,5,4,4,14
1002040391,6,3,7,4,17,2,3,5,2,11
1002040392,4,9,6,5,10,4,10,7,3,20
1002040401,2,8,5,5,11,7,9,3,3,15
1002040407,4,5,5,4,17,1,3,5,7,7
1002040410,6,10,3,3,12,3,6,3,4,9
1002040411,4,11,5,7,10,2,7,4,3,23
1002040412,1,8,5,5,18,8,17,2,3,14
1002050056,3,9,6,5,11,3,8,-,4,14
1002050068,4,6,4,3,12,3,8,2,4,8
1002050074,5,9,4,3,14,7,7,4,6,13
1002050079,2,4,1,4,8,2,2,2,2,5
1002050099,5,10,2,3,10,2,4,6,4,12
1002050151,2,6,2,5,20,7,18,3,5,16
1002050161,5,4,2,4,23,3,8,5,2,21
1002050169,4,6,5,3,22,4,4,9,3,13
1002050170,10,9,5,3,15,3,7,3,3,27
1002050241,3,9,4,3,12,2,4,4,5,8
1002050255,4,7,2,4,16,3,8,3,1,22
1002050259,4,8,5,2,10,1,5,4,4,9
1002050274,2,6,3,2,25,2,13,8,5,11
1002050275,4,9,5,5,10,3,9,6,4,22
1002060102,8,13,6,2,20,6,19,3,4,20
1002060104,7,7,5,6,10,2,7,7,6,10
1002060125,2,11,1,3,13,4,14,11,8,21
1002060126,5,11,2,6,13,4,13,2,4,16
1002060127,5,5,12,5,12,2,10,8,6,15
1002060128,5,10,5,4,13,7,9,6,4,18
1002060135,2,2,4,2,20,3,3,4,4,11
1002060139,5,5,3,2,9,1,4,6,5,7
1002060141,2,6,2,5,8,5,5,4,2,15
1002060202,4,7,2,9,15,3,7,3,4,8
1002060204,6,16,2,5,15,5,6,8,6,16
1002060218,2,12,6,8,9,6,4,-,7,20
1002060219,4,8,5,10,9,4,16,4,3,13
1002060220,2,14,3,3,9,7,3,4,4,6
1002060227,3,15,6,4,18,4,7,4,8,19
1002060228,7,8,3,7,16,5,13,3,4,14
1002060229,1,5,4,5,14,3,7,6,5,12
1002060239,5,7,6,4,11,1,7,3,5,13
1002060240,2,8,5,4,12,3,5,3,5,14
1002070006,5,5,5,3,30,7,9,4,7,19
1002070017,5,11,7,12,16,7,8,4,5,20
1002070018,6,4,5,8,12,3,5,5,4,15
1002070027,2,4,4,4,11,2,9,5,9,15
1002070036,2,6,5,4,9,4,7,3,2,8
1002070038,1,7,4,4,8,4,8,3,3,6
1002070055,1,6,4,2,10,4,5,3,4,5
1002070057,3,10,4,4,11,3,4,5,6,9
1002070061,3,8,3,4,9,4,9,3,4,7
1002070063,3,7,4,5,12,9,5,4,9,12
1002070071,1,6,4,4,11,4,5,2,3,12
1002070075,9,8,4,5,17,2,4,5,2,15
1002070076,3,7,4,8,24,5,3,2,2,18
1002070077,2,2,9,7,16,4,10,3,4,17
1002070128,6,4,6,6,16,6,3,6,5,23
1002070136,3,4,4,3,15,7,5,6,6,10
1002070137,3,5,5,4,14,5,2,9,5,24
1002070139,2,5,9,7,37,3,15,5,2,27
1002070144,3,13,4,3,11,2,10,6,4,16
1002070157,7,13,6,7,19,2,7,3,3,10
1002070163,2,13,5,3,10,5,5,4,6,13
1002070171,4,9,5,4,12,1,10,2,4,7
1002070172,1,6,2,6,10,1,5,2,5,14
1002070173,3,7,2,2,6,4,3,3,3,4
1002070176,4,5,2,5,11,3,8,2,4,11
1002070184,5,10,1,8,11,2,10,6,6,18
1002070185,3,9,5,7,22,2,4,7,7,24
1002080043,2,5,7,3,18,2,16,4,3,14
1002080044,5,8,4,3,7,4,3,2,1,15
1002080061,6,8,6,3,31,9,11,7,6,14
1002080062,3,11,3,3,15,2,3,4,1,14
1002080063,8,8,4,4,10,3,5,6,2,16
1002080064,5,3,3,1,10,3,9,5,1,16
1002080065,3,7,4,5,9,1,7,7,3,7
1002080066,4,3,4,12,12,3,8,7,8,13
1002080080,3,7,7,4,13,5,6,5,3,14
1002080081,4,9,5,8,19,9,5,5,8,14
1002080082,7,7,3,6,17,3,6,5,4,13
1002090004,3,9,5,3,11,3,5,4,2,9
1002090025,3,3,5,7,10,5,14,4,1,12
1002090027,4,12,2,11,21,4,4,9,10,23
1002090039,5,6,4,4,10,3,4,3,4,5
1002090107,4,7,3,6,22,8,5,12,9,18
1002090114,3,2,4,5,8,2,8,2,5,7
1002090129,5,8,3,4,12,1,6,3,7,12
1002090130,3,7,2,6,12,2,2,4,5,11
1002090136,2,4,3,8,10,4,12,7,6,10
1002090137,1,4,2,3,9,3,6,9,3,7
1002090145,4,9,2,4,11,2,5,2,2,12
1002090146,7,6,9,7,21,2,7,8,6,16
1002090152,3,1,6,2,8,6,9,2,2,6
1002090153,3,4,5,5,9,4,5,2,6,13
1002100063,5,2,-,3,13,6,5,6,4,13
1002100064,4,4,5,6,22,5,6,6,4,20
1002100074,5,9,2,9,10,2,5,4,3,8
1002100076,3,6,4,3,7,3,6,5,4,9
1002100081,3,5,4,3,9,4,6,7,2,7
1002100082,5,10,2,7,23,4,13,8,7,16
1002100090,6,7,7,5,11,4,9,4,2,14
1002100099,4,6,1,4,5,2,6,3,4,10
1002100100,2,7,2,2,10,2,5,3,3,11
1002100101,5,6,5,6,9,2,12,3,1,8
1002100107,6,5,5,7,17,8,8,5,1,11
1002100108,2,16,7,5,16,4,7,2,4,18
1002100129,3,4,8,6,19,9,6,5,3,16
1002100130,4,7,5,5,8,2,15,1,1,6
1002100131,8,5,6,2,6,1,10,5,6,15
1002100140,2,4,2,5,8,3,7,3,3,7
1002100142,7,4,7,6,17,8,11,2,6,15
1002100143,2,10,7,6,16,6,6,7,4,21
1002100148,9,9,5,8,23,3,6,10,3,30
1002100149,8,4,6,5,22,4,9,3,3,13
1002110015,6,5,6,5,24,5,6,7,7,12
1002110021,3,5,4,6,16,4,5,5,5,14
1002110024,1,3,5,4,13,5,7,9,8,10
1002110028,4,5,2,6,8,-,9,3,2,8
1002110036,3,8,5,3,6,3,6,4,5,10
1002110037,7,8,6,4,16,6,10,5,5,14
1010030,4,5,1,2,4,2,5,2,1,9
1010039,4,4,3,2,12,2,5,4,2,8
1010043,6,6,6,4,5,5,7,9,5,11
1010053,2,7,4,3,14,1,5,4,2,10
1010056,4,5,7,-,9,5,3,7,2,13
1010153,3,2,3,1,15,1,4,5,5,5
1010321,4,4,4,1,9,4,9,6,4,5
1010325,5,7,1,3,8,4,5,4,2,8
1010327,3,8,2,2,12,3,8,5,4,15
1010341,2,3,2,1,6,2,6,4,3,4
1010377,2,5,7,5,13,2,5,5,4,6
1010379,3,6,3,3,5,1,5,5,4,7
1010380,4,7,6,7,13,2,8,7,4,12
1010394,1,5,3,3,14,3,6,4,2,13
1010399,1,8,2,3,11,4,4,2,2,9
10107,2,5,4,-,7,3,3,3,2,10
10148,1,4,2,-,3,2,4,1,-,5
10172,1,3,1,-,7,-,5,4,1,14
10188,-,2,4,-,10,1,4,2,-,10
1020096,4,8,3,2,23,2,11,3,5,18
1020099,3,7,2,3,26,3,11,4,4,26
1020102,5,11,4,4,14,4,9,2,3,18
1020108,4,10,6,5,10,5,6,7,3,12
1020118,3,7,11,5,13,4,12,5,6,11
1020152,3,8,2,2,14,3,3,7,2,15
1020157,3,3,2,2,8,1,3,6,-,8
1020160,4,5,3,2,7,3,3,5,2,6
1020168,2,5,1,2,11,7,6,3,2,12
1020178,3,15,2,7,21,1,6,3,4,13
1020224,6,6,6,4,13,5,9,5,2,10
1020230,4,9,7,7,17,5,9,3,2,22
1020232,2,9,5,2,14,5,9,3,3,24
1020245,2,2,4,2,23,4,5,3,4,20
1020246,3,7,3,4,10,2,3,3,1,13
1020301,2,7,4,4,10,3,4,7,2,18
1020315,1,3,3,3,9,-,6,3,4,6
1020316,4,17,4,5,24,4,8,7,4,25
1020328,1,10,4,2,10,2,8,-,2,5
1020423,2,12,9,3,10,2,2,4,3,9
1020426,3,7,4,6,20,2,14,7,3,22
1020431,7,13,3,5,21,6,12,8,1,15
1020437,4,21,8,4,19,1,19,3,1,16
1020441,2,13,-,1,9,3,8,9,4,7
1020449,2,2,5,1,6,2,3,5,1,8
1020454,3,7,2,1,23,2,2,3,4,14
1020456,4,2,4,1,12,4,8,3,2,15
1020465,3,7,6,3,16,4,5,1,1,22
1020466,3,12,6,5,19,6,9,8,5,13
1020467,3,8,9,2,16,4,7,4,1,20
1020476,4,11,9,5,13,6,7,5,4,14
1020488,5,11,6,-,11,1,19,5,5,13
1020522,3,15,3,5,11,6,13,5,6,7
1020524,2,7,2,3,16,3,12,5,3,15
1020530,1,4,2,4,9,2,5,2,1,11
1020538,3,6,3,3,8,3,4,3,2,6
1020544,5,3,4,2,8,4,16,6,5,9
1020545,4,17,4,5,11,5,7,5,-,8
10208,2,3,1,3,4,3,2,1,1,4
10223,1,5,2,-,7,-,4,1,-,10
10234,2,2,1,1,10,1,3,1,-,3
10242,2,5,2,-,13,5,2,1,3,14
10253,1,3,3,3,9,-,4,1,1,6
10262,3,3,2,1,2,2,3,3,1,8
1030094,5,4,1,2,9,3,4,4,-,5
1030095,3,3,3,2,9,2,8,-,3,14
1030104,2,3,3,-,2,2,4,1,1,4
1030109,1,4,3,3,11,2,5,3,2,10
1030151,6,19,1,2,27,4,19,2,2,18
1030152,4,9,3,3,11,4,10,7,5,11
1030153,4,3,3,4,5,2,3,3,3,8
1030155,2,16,3,6,11,2,18,7,1,14
1030158,3,10,2,1,9,1,4,3,5,8
1030161,5,5,7,7,11,4,8,2,4,7
1030167,4,22,4,3,22,5,8,14,6,20
1030182,3,5,2,2,10,6,4,4,2,13
1030188,4,5,6,2,11,2,6,4,2,9
1030190,1,5,3,1,7,4,9,4,2,10
1030197,1,11,6,4,15,2,15,4,8,14
1030209,3,22,5,5,14,2,6,7,4,20
1030213,3,11,4,5,16,4,18,3,2,12
1030232,5,13,3,6,25,3,7,6,4,20
1030608,3,4,4,5,8,1,1,3,4,9
1030610,4,6,2,5,14,3,7,7,7,12
1030618,1,6,8,6,18,6,4,2,3,18
1030620,3,8,5,2,23,4,14,2,2,16
1030631,1,7,3,4,23,6,11,2,2,30
1030633,2,7,4,1,18,2,12,5,3,14
1030807,4,10,3,1,15,4,7,7,3,5
1030812,1,4,3,2,8,5,6,4,2,18
1030897,2,8,4,3,11,-,4,6,5,19
1030901,3,3,5,4,9,4,5,2,2,8
1030902,2,6,3,3,6,2,3,1,3,7
1040036,1,3,3,2,6,4,4,2,4,5
1040037,6,7,5,8,18,2,6,4,1,17
1040039,3,4,5,-,21,5,4,8,8,23
1040054,1,9,5,4,11,3,6,6,1,12
1040059,4,6,3,2,9,3,9,4,3,13
1040241,2,3,4,2,4,3,2,2,2,10
1040460,4,4,4,5,8,1,12,1,4,14
1040465,1,6,4,4,8,2,6,3,3,5
1040466,1,2,4,1,3,1,7,5,4,8
1040469,3,5,8,6,19,3,11,2,1,18
1040486,2,4,4,2,10,3,5,5,6,13
1040523,3,5,3,-,10,3,5,2,2,8
1040527,2,3,2,2,16,6,3,4,1,15
1040531,6,4,5,2,12,5,2,2,2,10
1040547,6,9,3,-,12,4,4,2,4,12
1040553,2,4,4,3,19,4,7,1,3,18
1040609,4,4,6,1,8,1,7,2,4,9
1040610,4,5,-,2,7,3,2,1,3,4
1040612,2,4,4,-,11,2,7,3,5,12
1040619,3,5,2,1,7,2,4,3,3,5
1040879,4,11,4,1,21,2,7,4,2,12
1040883,6,8,1,1,31,3,6,6,2,17
1041038,2,5,2,3,7,1,5,6,-,7
1041040,-,9,4,-,15,5,7,6,3,6
1041041,4,5,5,2,9,2,3,5,4,12
1041043,3,6,6,-,19,3,9,3,2,18
1060007,4,4,6,6,18,5,11,5,3,8
1060014,3,2,6,6,18,3,5,5,3,7
1060016,3,4,4,6,36,7,15,2,4,14
1060017,4,12,8,7,14,5,12,5,3,13
1060022,3,21,6,2,23,3,18,12,8,24
1060050,5,15,2,1,16,3,19,10,4,16
1060068,2,6,5,-,8,5,8,4,-,8
1060073,5,11,8,4,10,2,5,4,2,13
1060083,4,20,2,4,23,1,9,4,7,30
1060097,5,15,5,1,15,2,8,5,5,10
1060107,5,6,2,-,4,2,6,3,2,7
1060108,4,8,17,6,26,3,5,5,6,42
1060120,3,4,3,4,20,3,5,11,4,11
1070145,2,4,6,1,11,2,10,3,4,13
1070150,4,8,3,3,22,2,1,6,2,8
1070187,3,8,3,5,15,5,3,5,3,17
1070197,3,5,5,1,13,2,9,3,5,7
1070225,3,7,7,2,16,3,10,4,5,14
1070230,5,8,3,3,15,2,7,4,2,19
1070270,3,4,3,2,10,4,5,7,6,14
1070279,3,6,6,2,21,7,3,5,-,10
1070301,4,12,5,4,14,3,5,3,4,11
1070302,1,11,4,1,11,6,7,4,2,13
1070487,4,4,6,3,28,5,11,4,1,28
1070499,7,14,4,3,18,6,3,3,2,18
1070501,7,5,5,3,10,1,4,4,5,16
1070600,3,4,3,2,9,4,9,1,2,5
1070603,3,9,4,1,8,-,4,3,-,11
1070625,1,2,2,4,5,2,4,2,1,9
1070626,1,4,3,1,7,4,4,4,3,6
1070636,6,7,7,3,16,6,3,4,4,17
1070643,2,3,2,2,9,3,3,3,3,8
1070670,-,5,3,1,9,1,9,2,3,13
1070805,2,4,4,2,19,1,12,2,1,22
1070812,2,8,4,2,11,1,7,4,1,15
1070814,1,6,4,2,14,2,9,4,5,15
1070837,1,9,2,4,19,6,7,7,3,24
1070842,3,8,4,3,18,1,9,3,1,21
1070930,4,9,6,4,17,2,5,3,2,14
1070933,1,8,3,3,12,2,1,1,3,10
1070986,6,4,2,2,18,6,8,3,-,20
1070988,4,4,4,3,16,2,4,4,3,12
1070998,3,2,3,2,9,2,3,12,4,6
1071003,7,4,4,3,10,1,4,3,3,11
1080361,4,6,3,2,9,5,6,6,1,10
1080369,3,5,5,3,6,3,4,6,4,5
1080426,2,5,4,-,9,3,5,4,3,6
1080428,5,3,4,2,8,3,8,3,1,13
1080430,2,3,2,2,7,3,4,3,3,4
1080443,2,11,5,5,15,4,9,6,6,11
1080455,2,3,1,5,8,1,8,1,3,11
1080457,2,8,7,3,17,1,9,8,6,14
1080590,2,4,6,4,6,2,7,-,1,10
1080595,2,6,-,3,12,7,4,5,5,12
1080614,1,12,4,3,16,4,6,5,1,13
1080678,-,6,3,-,13,-,3,1,4,9
1080683,2,6,2,4,12,4,5,1,2,18
1080796,2,7,3,6,10,1,3,4,2,14
1080799,2,4,7,4,14,2,4,3,7,13
1080801,3,4,6,3,11,3,3,4,2,14
1080857,3,10,4,1,12,2,13,6,2,11
1080861,4,12,5,3,14,2,6,4,4,16
1080874,1,9,5,5,11,2,6,3,6,10
1080879,2,4,8,6,12,4,4,5,8,16
1090062,3,5,2,2,5,4,3,3,-,4
1090069,3,3,3,2,6,4,5,2,2,8
1090251,7,8,5,1,22,6,5,6,2,18
1090255,3,4,4,-,16,4,4,4,5,8
1090278,6,10,7,-,15,3,6,3,2,12
1090279,2,5,4,2,10,9,6,5,3,13
1090280,8,12,2,-,20,3,1,6,2,12
1090288,6,2,6,3,19,3,9,5,4,12
1090294,2,9,6,3,8,3,4,3,2,8
1090324,6,2,5,-,10,1,7,3,5,8
1090325,4,7,6,4,9,2,4,2,3,10
1090326,4,6,5,5,13,3,10,8,6,19
1090333,5,6,2,6,12,4,7,2,6,16
1090335,1,8,6,2,15,4,7,3,-,15
1090456,4,9,3,3,15,5,7,5,4,14
1090471,5,8,5,4,23,4,6,5,3,18
1090489,2,3,3,3,7,3,3,4,4,10
1090494,-,6,2,3,9,3,6,6,2,9
1090602,3,4,8,2,19,4,10,5,3,17
1090609,1,10,3,5,17,6,5,5,-,17
1090611,5,5,7,5,13,2,9,3,2,16
1090612,1,10,5,5,12,2,8,3,2,13
1090630,3,11,3,2,11,3,12,4,2,21
1090648,2,10,5,3,9,5,8,5,7,9
1090650,5,6,5,8,14,2,5,7,5,9
1090655,3,9,3,3,16,8,5,7,6,16
1090658,1,2,3,2,12,3,6,3,6,10
1090666,4,3,6,3,11,2,4,4,2,13
1100132,4,11,5,3,19,3,3,5,4,16
1100139,5,3,4,5,11,3,12,5,1,17
1100159,4,3,4,2,15,2,6,4,1,8
1100163,5,8,4,3,14,4,9,4,2,14
1100170,1,2,4,2,7,3,7,3,1,8
1100181,3,12,3,7,28,-,17,7,6,23
1100186,5,10,4,1,13,6,5,5,3,10
1100379,8,7,-,2,12,5,7,1,6,9
1100389,9,5,4,5,11,3,9,4,1,17
110048,-,5,3,1,2,1,4,1,-,6
1100490,6,4,6,5,11,1,5,2,3,8
1100500,2,8,4,3,7,3,7,3,3,12
1100535,4,6,2,2,11,2,5,2,3,10
1100543,1,5,5,3,15,4,10,3,3,19
110065,1,3,3,2,8,-,5,1,4,6
110072,2,4,2,-,1,-,1,1,2,4
110087,1,4,3,4,7,3,4,4,-,6
110127,-,5,-,-,5,2,2,1,3,4
110129,3,3,2,-,17,-,2,2,-,15
1110053,6,9,12,5,19,3,11,4,5,28
1110065,2,4,5,4,19,5,9,7,6,14
1110331,3,7,3,2,16,5,4,5,6,13
1110349,5,5,5,6,15,5,8,3,2,10
1110350,6,5,5,1,10,3,4,4,7,10
1110468,8,12,4,2,26,3,11,4,2,15
1110475,4,6,4,2,15,4,9,3,6,22
1110533,2,9,5,2,14,5,1,2,1,15
1110540,2,3,3,-,21,2,4,3,1,10
1120423,1,8,4,4,13,9,3,5,3,11
1120433,1,4,2,1,7,3,9,1,5,9
1120460,6,7,2,3,11,3,6,4,5,20
1120466,2,4,4,3,15,5,6,4,4,14
1120549,2,12,1,8,20,7,9,5,3,21
1120561,3,6,2,2,15,3,15,3,4,16
1120569,2,7,4,5,12,5,8,8,8,11
1120572,1,2,3,1,6,2,5,3,1,5
1120574,1,3,5,2,9,4,4,-,2,4
1120588,3,7,3,2,10,7,8,7,6,9
1120591,6,7,6,6,14,1,8,5,1,13
1120592,2,6,2,2,9,4,3,7,3,10
1120595,4,6,3,3,12,6,7,1,2,12
1120612,4,7,4,1,9,2,3,4,-,6
1120613,4,5,7,-,17,8,8,6,4,17
1130055,7,3,1,2,9,3,8,3,3,9
1130062,2,10,3,1,10,5,4,5,3,8
1130135,2,10,7,2,18,4,11,5,6,17
1130143,3,10,2,7,16,5,7,3,2,19
1130187,2,4,4,3,11,4,3,6,3,9
1130203,2,4,4,4,11,3,4,4,2,10
1130222,3,5,6,2,10,7,8,4,2,13
1130226,6,8,5,3,15,5,5,4,3,15
1130229,3,5,4,4,13,8,4,1,6,10
1130274,2,3,2,5,6,5,4,3,7,8
1130279,1,8,4,4,9,2,5,2,6,10
1130302,2,7,3,1,11,3,4,4,6,7
1130310,3,5,9,6,23,7,13,7,4,29
1130314,8,8,6,1,18,1,8,6,5,15
1130318,5,2,4,2,11,5,6,1,2,13
1130337,3,6,4,6,18,7,4,7,3,14
1130349,2,4,5,3,7,3,1,3,2,9
1130353,3,3,5,2,9,5,4,2,2,8
1130367,3,4,6,4,13,1,4,4,4,12
1130370,4,4,6,5,14,4,2,5,6,14
1130373,5,3,2,6,13,3,3,3,7,14
1130474,2,5,7,4,19,3,3,5,2,18
1130482,1,4,3,2,8,2,5,2,3,8
1130572,4,5,7,5,10,2,4,6,3,10
1130578,3,3,4,3,10,4,7,4,3,10
1140526,6,4,7,6,8,10,2,6,3,7
1140538,3,2,3,1,9,3,5,6,3,8
1140595,4,7,3,3,12,1,5,5,3,13
1140607,5,7,3,3,13,2,5,4,1,8
1140608,3,2,5,5,11,4,3,3,2,14
1140666,4,5,4,3,7,3,4,5,3,12
1140685,3,6,2,6,7,3,4,3,3,8
1140705,3,5,4,8,13,4,6,6,3,16
1140712,4,9,5,1,18,1,4,7,7,27
1140715,1,6,3,4,17,9,5,4,2,17
1140718,5,7,3,2,12,6,8,4,1,13
1140737,6,9,6,3,15,3,5,5,3,14
1140767,4,10,2,4,17,2,6,6,4,8
1140786,3,5,2,1,9,5,6,4,4,11
1140808,2,3,7,5,18,11,5,6,2,8
1140814,5,4,1,3,6,6,3,4,4,9
1140817,6,3,2,5,11,2,-,3,3,8
1150027,3,7,3,4,12,3,11,2,4,15
1150031,2,3,4,2,8,3,2,2,3,10
1150035,2,8,2,3,11,5,4,2,1,9
1150107,3,8,3,2,16,6,9,6,3,19
1150112,5,15,7,4,13,-,3,5,1,16
1150114,5,5,7,3,20,9,11,7,2,16
1150428,2,5,5,3,13,3,8,3,2,13
1150436,2,6,6,3,14,4,4,2,3,13
1150511,3,6,8,4,16,5,6,4,4,13
1150522,5,7,3,1,6,4,2,4,2,9
1150526,3,3,6,3,7,1,6,2,2,7
1150594,5,5,4,3,6,4,4,4,2,11
1150596,3,2,4,1,10,4,5,2,3,13
1150631,6,7,4,5,11,3,7,5,3,8
1150638,4,7,3,7,12,6,6,5,4,12
1150674,1,4,2,2,11,1,3,5,7,14
1150679,3,5,6,7,14,1,6,7,1,8
1150700,11,12,5,3,16,7,2,3,4,20
1150701,5,3,5,5,15,2,9,6,2,11
1150702,4,7,2,1,12,4,5,6,4,8
1150712,3,4,8,6,15,3,9,4,5,16
1150714,4,5,4,4,9,1,7,6,4,10
1160150,3,10,5,6,14,3,8,4,8,18
1160155,3,9,6,4,23,3,5,6,2,18
1160184,2,5,8,4,13,2,6,2,3,14
1160199,1,4,3,3,7,2,6,5,3,7
1160229,5,4,2,4,13,6,15,3,3,9
1160238,4,7,1,2,11,4,-,5,3,6
1160268,2,5,6,7,9,3,6,5,1,11
1160274,5,3,6,2,13,2,6,4,2,17
1160276,1,4,3,3,11,1,2,3,2,9
1160277,3,4,5,4,14,3,7,5,6,11
1160289,6,5,4,3,13,7,4,4,4,13
1160290,7,9,10,6,20,4,2,3,5,20
1160313,5,4,5,2,13,6,9,3,3,12
1160317,3,6,5,1,13,6,8,3,2,10
1160320,12,2,2,4,21,5,6,5,3,20
1160340,4,8,2,5,11,2,3,5,2,15
1160350,3,5,2,2,10,4,6,3,2,7
1160456,5,4,7,3,8,3,8,4,3,7
1160524,3,8,4,5,8,8,10,5,5,9
1160535,7,10,7,2,10,4,12,5,6,10
1160545,1,10,2,3,12,8,13,5,5,15
1160604,3,6,4,1,7,2,5,5,1,10
1160610,1,4,7,1,15,6,11,5,1,15
1170116,5,11,5,6,16,5,7,4,5,12
1170118,6,5,2,-,8,3,8,5,3,8
1170120,3,7,6,6,8,6,8,6,4,9
1180043,4,5,4,4,6,3,4,4,3,9
1180051,3,4,3,2,8,3,6,3,3,10
1180136,4,4,7,3,19,2,10,4,2,13
1180140,3,5,2,5,8,1,2,2,2,7
1180142,3,4,5,6,10,1,11,4,1,6
1180143,2,7,6,5,18,2,7,6,3,12
1180145,1,9,5,6,16,7,10,6,6,18
1180446,2,3,5,3,9,2,4,4,1,7
1180447,1,7,6,5,12,-,3,7,1,14
1180449,2,2,5,4,10,2,7,4,2,9
1180453,3,8,6,4,15,2,4,7,1,16
1180454,4,3,5,3,14,3,5,4,2,12
1180674,5,8,3,-,13,6,8,4,2,17
1180677,5,9,7,2,17,6,9,3,3,12
1180680,2,10,4,2,7,4,3,3,3,16
1180681,6,9,6,1,27,2,8,5,-,18
1180684,2,3,1,1,8,1,6,4,2,16
1180720,4,9,7,4,10,3,7,4,1,13
1180721,4,6,5,4,10,3,6,4,1,17
1180722,3,5,3,1,6,2,6,6,2,7
1180724,1,5,3,-,9,4,6,3,2,9
1180758,3,3,3,3,9,4,9,3,1,11
1180772,2,2,4,4,16,5,13,8,3,14
1180773,5,2,6,5,13,5,7,6,4,12
1180774,5,3,4,3,8,3,4,3,2,8
1180776,3,3,4,4,14,4,5,5,2,8
120019,-,2,2,2,6,1,3,-,-,6
120030,1,3,1,-,4,1,2,3,2,5
120035,1,1,2,-,7,1,3,3,1,4
120086,2,3,2,2,10,2,3,3,2,9
120094,3,3,1,3,5,1,3,3,3,9
120106,2,4,2,2,4,2,3,4,2,4
120113,2,4,4,-,6,3,3,2,2,7
120157,1,3,2,2,7,2,3,2,1,8
120162,2,3,1,3,5,-,2,2,-,7
120170,2,5,3,1,6,3,2,3,-,7
120281,2,2,2,-,6,1,6,2,1,9
120294,1,2,2,3,10,1,4,2,-,10
120319,3,4,5,3,15,1,7,-,2,5
120416,1,3,1,-,5,1,3,3,-,7
120511,3,2,1,-,7,2,2,2,1,5
120523,1,2,2,2,6,2,1,3,-,6
130036,2,1,2,-,3,1,5,2,-,12
130041,2,4,4,2,6,2,2,1,-,5
130114,2,6,4,2,7,1,2,2,-,7
130121,-,-,2,-,5,-,3,2,-,3
130170,1,3,4,3,6,2,4,2,-,5
130174,2,1,2,-,4,1,3,1,-,4
130179,3,3,3,-,12,1,4,1,2,9
140205,3,4,1,1,11,1,5,4,3,9
140320,1,2,3,1,8,2,3,3,1,5
150176,3,1,-,-,5,-,2,1,2,5
150228,1,1,2,1,6,3,4,-,-,2
150257,3,3,2,-,7,1,2,-,4,-
150284,3,3,2,-,9,2,2,2,2,10
150306,1,3,1,-,5,2,2,3,3,5
150327,-,6,1,4,18,1,5,2,4,22
150334,1,5,2,-,4,-,2,-,1,8
180201,3,2,1,1,9,2,3,2,3,10
180207,1,3,1,1,16,2,7,3,2,11
180211,2,7,1,2,12,-,3,6,2,10
180273,1,5,2,4,8,-,3,2,1,5
180276,-,4,2,3,8,2,4,4,-,6
180277,-,5,4,-,5,-,2,1,2,7
190039,-,4,4,-,8,1,3,2,2,7
190065,1,5,2,1,9,2,2,2,3,9
190078,2,5,2,2,9,1,6,1,2,7
190241,4,5,4,-,6,2,5,1,2,7
2002290142,3,8,3,2,13,4,6,4,3,14
2002290170,1,4,3,5,20,3,5,2,1,12
2002290186,6,7,5,5,10,3,11,3,1,20
2002290199,1,6,3,-,6,2,4,3,1,9
2002290212,4,4,4,8,18,3,4,3,-,10
2002290216,-,7,6,-,11,2,6,3,2,7
2002300042,2,3,3,3,14,2,6,3,5,20
2002300063,4,9,4,3,10,5,6,4,1,11
2002300064,5,5,4,4,11,3,2,3,1,14
2002300068,4,5,6,5,12,2,11,3,3,8
2002300071,3,7,3,3,8,4,3,6,1,9
2002300078,4,4,2,-,7,5,6,3,2,7
2002300087,4,6,2,1,9,4,4,2,2,7
2002300095,1,4,5,2,5,3,6,4,2,10
2002300103,4,8,4,1,11,1,11,4,1,10
2002300105,1,9,6,1,24,7,11,1,-,11
2002300145,3,5,4,3,7,5,7,5,3,15
2002300165,2,9,3,4,12,1,4,6,4,12
2002300174,2,5,2,2,10,5,3,3,-,11
2002300187,3,2,4,1,6,5,3,5,-,6
2002300190,2,5,2,-,8,1,5,2,3,5
2002300205,2,8,5,2,8,3,7,4,1,16
20369,4,6,3,2,12,2,5,5,4,15
20394,3,6,5,-,10,4,12,4,1,6
20444,2,9,4,2,10,-,12,4,3,18
20446,1,14,7,2,17,3,6,5,2,9
20710,2,4,7,4,18,1,8,7,5,19
20716,1,10,8,4,38,4,5,4,3,16
20747,7,8,2,1,12,2,11,4,7,13
20750,1,15,7,7,13,9,8,4,5,9
20754,3,13,3,5,7,6,13,6,4,15
20757,3,9,4,1,15,3,4,2,3,14
20797,-,5,2,3,7,3,7,6,1,7
20985,5,5,9,3,11,2,8,5,1,13
20986,3,8,3,1,13,3,7,2,3,11
21163,2,9,6,3,12,3,8,5,1,7
21351,3,15,8,4,22,3,12,3,3,27
220179,1,3,2,-,7,1,1,3,-,7
220182,-,3,4,2,8,4,2,1,3,8
220183,2,4,3,3,5,1,4,1,2,8
220194,1,2,2,3,16,5,4,3,2,13
230187,-,4,3,5,7,1,7,4,-,8
230190,-,6,5,-,12,-,3,3,-,11
230196,2,3,4,2,11,-,2,2,3,3
230206,2,2,2,4,6,1,-,1,3,9
230237,1,3,3,2,8,3,3,2,4,11
230257,1,2,2,3,6,-,5,2,1,4
230287,-,6,2,2,6,2,6,1,1,8
230319,2,4,3,-,3,-,3,4,1,4
240100,-,3,1,-,3,-,2,3,1,8
240131,2,4,-,-,5,-,4,-,2,7
240400,1,4,2,1,7,1,4,5,4,15
240401,1,2,5,2,9,4,4,2,-,5
240408,-,4,2,1,5,-,4,2,1,5
240413,-,3,1,1,3,1,3,1,-,5
240440,-,4,4,1,8,4,2,5,3,8
240441,2,2,4,1,12,-,2,5,2,14
240449,2,3,3,2,13,2,2,1,1,15
240455,1,1,2,2,17,5,2,3,1,10
240478,-,3,1,2,6,-,1,1,1,4
240513,-,3,1,2,4,-,3,2,-,5
240544,-,4,2,3,7,-,1,1,3,18
240570,2,4,1,4,10,1,2,4,3,6
250024,4,3,3,2,13,1,3,4,2,9
250025,1,6,4,2,7,2,3,2,1,7
250026,1,2,1,2,4,1,3,1,1,8
250037,1,3,2,-,6,-,1,1,3,5
250049,3,5,3,2,8,1,4,4,3,10
250051,2,2,3,3,8,2,5,1,1,2
250059,1,3,4,-,6,1,4,3,-,7
250060,2,6,3,-,4,1,4,3,1,13
250139,2,5,2,2,4,1,3,3,1,5
250173,2,5,2,1,15,1,3,1,3,18
260031,1,3,2,-,5,1,4,2,-,10
260046,1,4,3,-,8,2,4,2,-,5
260063,6,2,1,1,14,2,3,4,-,13
260067,1,3,1,2,8,2,4,-,-,8
260077,2,3,1,1,6,1,3,3,2,9
260080,1,1,3,-,11,1,4,2,-,6
260123,4,3,4,1,7,2,3,-,1,5
260143,1,2,3,2,4,1,2,2,1,5
260162,1,4,3,-,6,1,2,2,1,6
260187,1,2,1,2,8,4,6,3,-,6
260424,2,3,3,-,6,-,3,5,1,8
260425,1,5,1,-,12,4,3,3,-,3
260439,3,5,1,1,6,3,3,2,3,8
260444,2,3,3,2,6,1,4,3,1,4
260515,2,5,3,1,6,-,2,2,-,9
260538,4,5,3,-,5,4,4,3,2,8
260575,2,3,4,-,7,2,8,5,2,9
260597,1,5,1,1,6,3,4,3,-,4
270025,4,4,6,5,9,2,2,3,2,8
270390,-,3,2,1,6,1,1,7,2,12
270391,1,3,6,2,17,6,3,1,2,8
270399,-,3,2,1,10,-,2,2,4,7
270411,-,3,-,2,3,3,5,5,1,8
280036,1,1,5,2,8,-,4,4,2,9
280051,1,4,4,3,6,2,2,3,2,14
280063,-,3,1,2,3,-,2,1,2,6
280072,-,6,3,2,6,2,3,1,2,4
280108,4,4,6,3,13,2,5,4,-,9
280119,1,4,5,-,7,1,2,4,4,5
280127,2,3,2,-,6,4,4,-,2,5
280132,4,4,1,1,12,1,3,4,1,6
280161,5,7,2,3,8,2,3,3,4,13
280162,1,6,1,2,4,1,2,3,2,4
280164,2,6,2,3,13,1,7,2,2,5
280169,-,2,2,2,5,1,4,5,-,10
280240,1,2,2,3,6,-,8,1,1,11
280241,1,4,3,2,15,1,6,2,2,9
280249,2,3,2,1,9,2,3,2,1,6
280252,2,4,-,4,7,3,3,4,1,8
280351,1,6,2,1,8,1,5,2,3,8
280368,2,4,2,1,5,-,1,2,-,6
280380,6,3,3,2,12,3,3,5,2,6
280381,2,4,3,-,3,-,7,5,3,22
280623,1,6,2,4,11,1,4,2,-,9
280637,3,3,2,-,6,-,5,3,1,10
280652,2,4,1,2,6,2,3,2,2,6
280668,1,2,2,-,4,2,2,-,1,5
290190,-,6,2,1,6,1,4,3,-,11
290193,1,2,2,-,6,2,3,3,1,5
290194,2,4,2,3,7,3,4,-,-,6
290203,3,4,3,1,6,1,5,5,2,11
290288,2,4,2,2,6,2,3,2,1,3
290310,4,3,4,2,6,1,2,2,4,7
290330,2,6,1,3,9,1,4,3,-,8
290333,-,3,3,-,11,2,5,2,5,9
290425,1,2,2,1,3,1,3,4,-,3
290436,3,3,3,-,11,1,5,1,3,12
290450,1,6,2,2,9,-,3,3,2,8
290456,2,6,3,2,5,-,9,1,-,8
290521,4,6,3,2,14,3,5,6,1,16
290539,2,7,4,1,12,4,3,2,1,8
290562,2,5,2,1,10,4,2,1,-,7
290574,3,3,4,2,5,4,3,3,1,7
300038,-,5,2,1,3,1,6,2,3,7
300043,3,3,2,2,6,4,3,3,1,10
300054,4,5,2,-,13,-,1,1,5,9
300084,1,2,3,-,7,1,2,4,3,8
300102,1,2,3,1,8,3,3,2,2,6
300103,1,4,3,1,10,-,3,2,-,6
30030,4,5,4,1,11,3,6,1,1,6
30054,3,6,4,2,11,1,5,3,2,5
30067,4,4,2,1,12,4,3,3,2,4
30091,5,1,3,2,2,5,3,1,1,7
30105,4,5,5,-,3,2,3,3,2,4
30131,3,2,2,3,3,2,1,2,1,4
30133,2,4,3,3,6,-,2,1,-,7
30149,2,4,1,2,9,1,5,3,1,5
30161,-,6,3,2,5,1,3,4,3,6
30172,3,2,4,2,4,-,4,3,1,5
30267,8,15,4,3,27,2,8,6,3,21
30279,3,9,9,7,20,8,15,11,5,26
30284,-,7,5,4,14,5,7,5,3,13
30306,1,3,4,6,10,1,10,4,4,11
30313,-,6,3,4,13,1,7,5,3,16
30347,2,6,2,7,20,2,5,4,4,19
30358,4,9,3,1,9,3,3,7,2,15
30380,4,6,6,3,6,1,7,4,1,7
30432,2,12,4,5,9,3,8,4,1,10
30435,1,7,2,5,15,1,18,5,5,22
30437,4,14,7,4,10,2,9,6,5,15
30447,1,14,6,3,23,1,14,7,3,16
30585,2,5,6,2,10,3,6,5,5,15
30592,4,6,5,3,10,5,-,4,3,9
30619,1,9,6,2,14,2,1,5,4,15
30782,3,3,3,1,15,3,13,3,3,9
30787,2,8,4,4,8,2,3,2,2,8
30795,4,12,4,4,15,12,18,6,5,14
30813,6,11,3,1,5,2,5,4,7,9
30826,6,8,8,4,16,3,7,4,4,16
30837,3,6,4,5,15,4,6,7,3,13
310026,-,2,2,-,4,-,2,-,1,4
310064,-,4,7,3,10,1,3,2,-,9
310232,-,2,2,1,9,1,4,2,2,11
310234,1,6,4,2,10,-,4,2,1,8
310236,-,6,1,1,5,2,4,1,1,7
310247,1,4,4,-,15,1,6,3,1,18
31035,3,7,5,1,10,1,7,5,4,14
31046,5,4,9,6,12,1,9,6,1,14
31051,1,10,3,6,19,-,15,3,5,19
31053,2,5,6,3,12,2,5,7,5,13
31185,5,5,7,3,15,3,11,7,5,12
31201,7,11,4,2,22,6,3,5,4,19
31214,7,5,6,6,9,2,10,7,4,9
31267,2,5,5,5,9,1,10,7,1,15
31272,8,16,2,3,19,2,8,3,4,21
31275,5,7,3,5,15,2,16,5,8,19
31277,2,2,2,2,11,3,7,6,2,5
31298,5,8,5,2,9,1,1,3,2,16
320205,3,4,5,2,6,3,3,1,1,10
320269,1,4,2,3,9,3,4,3,1,13
320284,5,3,5,2,12,-,3,1,3,7
330039,1,2,5,1,6,1,3,3,2,12
330056,2,3,1,-,9,-,2,3,-,5
330063,1,2,4,2,9,2,5,6,2,7
330079,4,2,3,3,6,2,2,4,-,10
330141,3,4,3,3,12,5,5,4,1,14
330163,2,2,5,3,12,3,7,2,-,14
330192,2,4,5,1,9,1,5,5,1,7
330256,3,5,2,3,8,-,4,2,2,10
340566,1,2,2,-,5,1,3,2,2,3
340607,3,2,3,-,9,2,3,1,-,6
350551,5,5,2,-,9,4,5,4,2,14
350552,3,3,3,2,13,2,6,2,5,10
350553,3,4,-,1,6,3,4,1,-,11
350554,-,3,2,-,7,1,1,2,2,9
350596,2,1,3,1,8,-,3,6,-,6
350597,-,1,3,-,7,1,3,2,2,8
350641,3,3,2,3,8,2,2,1,2,10
350643,3,2,3,1,4,3,5,2,1,7
350645,4,5,1,1,11,2,4,2,2,9
350649,2,4,2,4,11,-,4,2,1,3
350655,4,5,2,2,6,-,4,3,1,9
40067,1,14,7,6,22,-,14,2,3,18
40068,2,7,6,5,13,4,12,8,4,16
40071,2,11,3,5,15,2,8,6,1,13
40085,-,5,2,2,15,4,5,6,5,14
40112,3,5,5,4,13,1,9,6,5,17
40126,5,7,5,2,24,4,9,6,4,15
40205,1,7,2,3,13,1,14,4,10,17
40397,5,13,5,6,29,5,7,10,7,26
40426,4,7,7,6,15,6,13,6,2,23
40430,6,12,5,6,17,5,6,3,6,15
40484,3,4,4,3,13,2,6,4,3,10
40492,2,7,5,1,7,2,4,3,3,17
40496,3,5,2,5,16,7,4,6,5,10
40517,3,11,6,2,33,7,8,7,3,13
40580,7,12,7,2,6,4,7,8,4,13
40583,5,5,4,4,16,8,11,5,4,7
40584,5,10,3,4,22,3,4,3,4,26
40602,3,9,2,-,10,2,6,4,3,11
40607,2,5,3,2,14,1,7,3,3,11
40681,2,7,3,8,10,5,3,6,3,14
40790,2,11,5,4,12,8,10,5,4,9
40914,1,7,4,2,9,2,9,4,3,14
40924,2,14,4,7,22,1,7,7,4,23
41011,5,18,5,3,31,-,12,4,4,27
41017,1,9,6,4,20,2,4,9,3,14
41033,2,2,2,4,10,2,8,4,3,13
41034,1,4,4,4,7,3,4,4,1,5
440018,2,5,3,1,8,1,5,1,1,13
440053,4,3,2,1,10,2,7,1,3,14
440055,2,9,2,2,15,2,4,3,2,15
440073,4,7,5,-,8,4,5,6,2,13
440130,3,4,3,1,8,2,3,1,3,10
440131,4,5,3,3,8,5,6,3,1,11
440170,5,7,3,6,12,3,6,2,2,9
440185,1,6,7,4,10,1,5,1,1,12
440202,2,5,3,4,7,3,4,3,2,6
440313,2,7,3,2,6,1,6,3,2,3
440316,2,4,2,-,6,3,6,4,2,5
440323,5,12,1,1,19,1,6,5,2,19
440328,1,7,2,-,12,3,8,2,1,11
440452,1,5,5,1,9,2,4,2,3,7
440467,2,7,2,1,10,3,3,3,3,9
440498,-,12,1,1,15,2,10,4,2,17
440499,1,10,3,1,8,1,9,1,1,15
440510,1,8,2,2,7,2,4,4,-,10
450030,1,3,3,2,8,2,6,5,-,6
450041,1,5,5,-,8,3,5,4,1,13
450067,4,9,4,2,13,5,7,4,3,7
450068,3,4,3,2,8,2,6,3,1,11
450078,-,3,2,2,7,3,7,1,3,14
450111,6,5,3,4,16,3,10,7,1,12
450120,4,7,3,2,12,5,7,3,3,11
450122,2,5,2,1,8,5,4,3,2,9
450212,4,8,3,2,11,3,6,3,4,14
450224,1,4,2,4,11,1,3,4,2,6
450226,3,9,6,2,19,2,10,5,4,19
450241,4,5,2,-,6,2,5,2,1,10
450248,6,12,5,-,15,2,7,1,2,20
450250,4,7,1,1,7,4,7,4,1,16
450251,2,7,2,3,9,5,8,4,2,11
450302,6,6,1,4,18,1,6,4,4,14
450303,3,2,3,2,8,5,3,1,5,10
450304,1,2,1,-,7,1,3,3,1,7
450380,2,6,2,3,11,5,4,7,1,14
450381,4,3,5,4,10,2,5,2,1,8
450390,1,5,2,2,7,2,6,5,4,11
450392,2,4,3,4,8,1,2,3,1,5
450440,2,5,1,1,13,-,5,1,1,5
450443,-,5,1,-,13,4,8,4,2,10
450445,2,7,3,3,19,1,9,1,1,22
450501,2,6,6,2,10,2,4,5,1,13
450512,3,5,5,5,14,6,6,3,-,8
450550,1,12,1,2,18,4,11,2,1,14
460066,2,4,2,2,6,-,2,2,3,11
460067,-,5,4,3,19,2,10,1,4,4
460156,4,1,2,2,9,3,2,5,3,9
470081,3,6,1,-,8,4,3,3,1,15
470083,5,4,2,-,8,1,5,2,2,7
470115,1,7,-,-,32,2,5,2,1,32
470116,1,3,3,-,12,-,9,1,1,17
470126,2,5,6,3,15,-,8,-,-,6
490036,2,3,4,2,11,4,3,4,-,9
490037,4,2,4,1,11,2,4,2,1,11
490038,-,5,2,1,3,2,3,4,1,9
50079,4,14,7,4,23,2,16,5,4,17
50145,2,3,4,3,13,3,5,5,1,8
50164,2,6,3,3,14,5,7,5,3,14
50203,6,13,6,3,10,7,14,7,1,15
50204,4,6,7,2,12,1,6,4,3,9
50207,7,12,2,2,13,3,10,5,2,16
50217,1,23,7,9,21,2,7,6,4,15
50326,1,6,4,6,14,5,9,10,5,12
50331,4,5,5,2,10,2,6,5,3,9
50535,1,9,4,2,18,2,9,2,5,19
50540,1,10,10,3,24,8,8,5,1,23
50542,4,9,6,3,24,4,12,4,7,26
50556,1,4,4,3,12,6,6,5,2,14
50595,3,3,1,1,18,2,10,8,7,22
50615,2,15,3,3,21,7,5,7,1,23
50649,7,12,4,4,15,7,10,5,4,22
50861,4,14,4,-,15,3,4,9,6,19
50863,3,11,3,4,24,3,13,5,1,20
520187,3,5,2,4,5,3,7,4,5,5
520210,3,7,1,7,6,4,7,-,3,12
520228,4,12,4,3,12,4,6,1,2,16
520249,-,4,2,1,9,6,7,5,5,6
530048,2,4,2,2,4,3,5,5,1,7
530049,2,4,2,2,4,2,5,5,2,7
530050,3,2,4,2,8,3,2,4,1,6
530057,3,2,4,4,7,1,3,4,2,7
530102,3,5,2,4,4,5,6,4,2,10
530111,3,3,3,1,9,2,3,3,2,3
530128,2,6,4,2,12,4,5,5,4,10
530143,4,5,4,3,12,3,5,3,4,13
540045,4,5,3,3,13,4,6,3,5,6
540048,2,5,2,2,2,2,2,3,3,5
540056,2,5,3,2,6,3,3,2,2,8
540058,4,2,5,5,6,3,3,3,5,10
540076,4,1,2,3,6,3,4,-,2,5
540099,1,4,2,2,4,1,2,3,2,6
540102,-,9,5,3,8,2,6,6,1,9
540124,2,7,3,1,5,2,7,3,3,5
540161,1,2,2,1,4,-,1,-,2,3
540167,2,1,3,4,6,6,7,4,1,6
540172,2,5,3,1,11,3,4,5,2,8
540183,2,4,2,5,8,3,4,4,2,7
540339,4,6,3,-,6,2,2,2,3,6
540341,2,1,1,1,4,2,3,3,-,-
540342,3,9,3,2,11,6,4,7,2,16
540350,2,2,2,3,7,2,6,5,3,9
540364,2,2,3,3,4,2,2,2,3,3
540384,3,4,3,2,5,2,2,1,2,6
540394,4,5,6,3,13,4,10,5,6,13
540558,3,5,3,3,10,5,8,4,5,8
540560,3,11,7,2,9,2,10,3,5,8
540562,2,2,3,1,6,2,2,4,3,5
540568,3,-,3,2,8,3,2,1,3,9
540621,3,7,2,2,7,3,6,5,3,11
540622,2,8,2,5,9,1,9,3,1,11
540624,4,5,4,2,13,3,7,4,1,11
540634,3,8,2,1,9,3,3,4,3,17
550280,5,9,5,4,8,1,4,1,5,20
550282,2,4,2,3,8,1,5,5,2,4
550283,1,2,5,2,3,2,5,2,1,6
550295,2,5,2,-,6,2,2,3,1,7
550559,5,8,4,3,8,2,4,4,2,7
550560,1,5,4,3,5,5,11,6,2,9
550561,4,3,2,4,9,6,10,5,2,6
550567,5,9,5,2,7,2,3,2,3,8
580021,2,4,4,2,10,3,5,2,2,7
580313,2,12,2,5,9,2,9,8,3,7
580328,3,2,2,1,2,3,5,1,1,7
580334,7,3,3,6,15,1,2,5,5,11
580369,5,6,4,2,8,1,4,-,3,6
580372,2,6,2,2,3,3,6,3,1,7
580376,2,4,7,3,4,2,5,4,4,15
580393,5,7,4,4,10,2,4,4,3,9
590017,2,8,3,1,10,3,5,2,4,18
590023,4,10,1,3,10,1,4,2,3,6
590030,2,8,2,1,10,1,10,3,-,11
590070,3,5,4,4,11,4,5,2,4,3
590078,1,6,2,1,3,5,1,1,2,8
590081,5,6,7,3,8,2,5,6,2,8
590096,1,4,4,3,11,2,5,3,3,9
590254,3,4,4,2,11,2,2,3,3,8
590260,4,4,4,4,10,2,6,5,2,15
590263,3,4,2,2,4,5,5,4,1,7
590276,5,2,7,1,7,2,5,2,2,4
600039,4,4,5,3,10,3,5,3,3,11
600045,2,6,5,5,18,6,8,3,5,11
600047,-,5,5,2,5,2,8,3,1,9
600059,1,5,4,-,7,2,7,2,1,2
600067,1,3,3,3,4,1,3,3,2,7
600070,2,3,3,1,5,1,5,3,2,4
600074,6,5,6,3,13,4,4,5,3,11
600082,3,3,5,4,14,5,8,4,2,16
60025,1,6,1,1,4,-,4,3,-,7
60055,4,2,3,-,11,-,3,3,3,8
60060,4,1,3,1,10,2,4,4,1,8
60487,3,7,4,1,19,1,5,4,2,17
60554,5,16,3,3,18,2,7,3,2,16
60555,3,6,1,3,16,5,12,5,6,19
60570,4,7,4,5,26,4,18,1,7,16
60589,2,10,8,6,26,9,13,8,3,5
60593,4,4,4,2,5,2,7,5,3,10
60780,9,11,3,8,13,7,7,2,5,18
60884,1,5,4,3,16,3,9,6,4,10
60897,1,12,3,4,17,3,5,4,4,12
60899,5,15,3,2,19,5,12,3,10,27
60930,1,9,4,1,15,6,12,4,2,11
60934,4,8,5,1,10,4,6,6,6,10
60938,3,9,4,6,12,2,13,5,4,17
610151,3,4,3,3,11,5,4,4,2,6
610153,3,4,2,2,5,2,3,2,3,7
610155,3,1,6,3,8,2,3,4,1,7
610164,5,5,6,4,16,5,8,5,4,8
620041,3,5,9,6,20,2,13,5,1,11
620047,3,9,3,2,9,6,2,2,4,13
620062,2,3,2,3,8,4,3,1,2,6
620109,4,13,5,8,9,4,9,7,2,7
620119,1,4,4,2,8,4,5,3,2,9
620125,2,5,2,1,11,1,6,3,3,14
620136,-,4,2,2,17,2,11,3,2,14
620216,4,9,5,2,18,3,3,5,4,16
620223,3,6,6,2,11,3,7,2,2,7
620236,2,7,2,4,11,2,5,6,1,9
620285,3,6,3,2,10,6,8,3,3,15
620292,7,17,6,3,18,3,6,5,7,16
620305,4,14,7,1,14,4,9,3,2,15
620321,2,5,4,1,5,4,6,5,1,6
620386,1,4,2,1,9,3,2,3,4,7
620390,5,10,3,2,16,3,4,5,4,25
620395,1,6,3,3,11,2,6,1,5,11
620403,1,6,3,2,5,3,1,5,1,11
620414,2,4,2,4,7,2,5,3,5,13
620416,2,5,4,3,18,5,5,4,3,9
620420,2,7,4,-,11,6,8,4,2,8
620430,3,9,3,3,14,4,6,2,-,10
620442,6,11,3,3,19,2,8,7,2,26
620444,2,3,3,3,15,4,9,2,3,14
620446,2,5,2,1,3,3,5,5,3,4
620467,2,5,3,5,15,3,6,4,1,9
620468,4,7,4,2,16,4,7,6,5,24
620472,2,6,4,2,9,3,8,1,-,9
620482,5,8,1,1,7,-,4,3,2,9
630022,1,5,2,1,10,2,7,3,4,14
630165,4,4,5,5,11,6,4,2,-,11
630390,2,5,2,2,7,2,4,2,4,5
690340,3,9,7,3,8,3,5,7,1,9
690349,4,2,11,4,21,8,10,5,4,15
690351,2,11,-,5,14,5,7,5,3,13
690369,4,7,2,4,9,8,3,1,4,10
690455,3,7,3,8,7,4,7,4,5,11
690466,4,5,6,6,9,1,7,4,7,6
690482,7,6,4,3,14,8,5,1,1,20
690504,8,6,-,1,16,2,6,7,6,18
690650,5,4,6,3,12,3,8,5,7,10
690667,5,6,3,4,14,3,5,1,2,22
690678,2,6,5,-,11,1,2,3,4,13
690707,2,2,3,4,14,4,7,3,2,17
700137,3,6,6,5,8,1,7,4,5,7
700145,4,10,4,1,15,2,7,3,2,9
700156,3,4,2,3,14,5,11,3,1,11
70023,1,6,2,3,6,2,6,2,1,4
700249,6,10,4,1,26,4,5,8,4,21
700267,6,3,9,4,13,7,10,5,1,13
70033,1,7,3,1,10,1,7,2,3,5
70074,1,4,2,1,17,3,2,2,-,9
70367,7,7,4,3,9,2,5,2,-,9
70369,3,8,4,2,15,5,11,7,5,18
70370,6,6,2,3,3,2,7,7,5,8
70373,6,13,9,4,22,-,10,6,8,24
70391,1,9,7,5,25,8,15,6,4,20
70430,2,12,4,2,19,3,12,6,7,16
70439,4,8,6,2,13,2,7,5,1,16
70478,1,4,3,1,6,2,7,3,3,9
70481,4,9,8,3,23,2,4,6,3,14
70728,2,3,4,5,21,5,10,3,3,20
70730,2,8,4,3,6,1,3,5,4,8
70776,5,12,9,5,19,4,12,7,5,13
70781,10,10,4,8,21,4,16,9,6,29
710023,4,2,3,3,9,1,5,3,2,14
710036,3,6,4,-,13,3,4,3,2,13
710037,5,4,4,3,18,2,7,3,3,8
710050,4,7,3,2,13,7,9,4,1,27
710094,2,5,3,3,12,4,8,3,4,7
710099,3,4,4,4,10,5,7,3,4,11
710108,4,9,5,-,10,4,7,1,1,19
710122,2,5,7,-,8,1,6,1,2,8
710154,5,7,5,5,23,4,6,11,4,17
710291,4,15,3,4,22,2,14,1,6,27
710307,4,4,-,2,14,3,5,4,3,11
710370,2,7,4,1,7,4,6,6,1,8
710381,5,4,4,1,14,4,4,5,4,6
710382,4,5,1,-,7,5,7,6,6,7
710393,6,3,3,5,9,3,5,4,-,6
710435,2,5,9,6,13,4,4,2,3,13
710437,1,3,4,4,10,4,2,7,4,14
710440,3,6,5,1,12,6,8,6,2,13
710449,2,5,5,3,7,3,3,3,2,15
730300,3,6,4,5,11,5,7,7,4,11
730309,4,13,5,10,12,2,3,6,4,10
730313,4,6,2,2,13,2,7,2,5,17
730326,2,5,5,2,18,3,4,2,5,12
730361,3,3,2,3,17,2,7,5,3,15
730365,3,8,2,7,12,4,5,4,1,12
730366,3,9,4,6,8,3,4,3,1,13
730378,4,6,3,3,13,1,8,4,4,12
740103,5,12,6,2,17,2,15,2,1,18
750107,2,11,3,1,11,3,9,6,6,9
750116,3,5,2,1,15,7,6,8,2,16
750126,4,10,6,-,17,6,9,4,2,18
750210,4,8,5,2,15,2,10,4,3,16
750220,4,8,3,5,12,3,8,5,6,13
750227,5,5,6,6,5,3,10,4,5,7
750245,4,7,5,2,18,4,2,9,5,10
750254,3,8,1,3,17,1,10,2,3,13
750263,1,17,2,7,17,3,4,2,1,20
750327,3,7,3,1,21,4,6,1,4,13
750333,2,5,2,4,11,5,4,4,-,17
750341,6,4,8,4,9,3,12,5,5,23
750356,5,7,3,4,11,5,3,3,6,6
750361,3,6,5,5,8,2,7,5,4,9
750380,-,5,2,1,9,3,7,6,1,12
760098,4,5,3,8,9,4,6,6,5,7
760099,4,5,6,4,7,3,8,1,5,8
760106,5,2,3,-,10,2,4,3,3,12
760108,4,9,7,4,13,3,6,3,1,22
760116,2,6,5,2,20,3,10,6,1,13
760194,1,6,7,6,6,6,7,3,4,9
760197,3,4,4,2,14,2,3,2,1,14
760206,1,2,3,1,12,6,3,2,1,10
760207,1,5,4,2,9,2,8,3,5,11
760216,4,9,4,2,13,5,6,5,4,12
760262,1,10,2,3,12,5,13,4,3,16
760263,3,13,1,5,14,3,8,1,4,11
760264,2,3,3,3,12,4,11,5,2,14
760274,3,4,3,3,9,4,2,-,2,10
760346,5,9,2,3,13,3,7,5,2,15
760349,3,10,3,5,10,5,11,5,2,9
760403,4,10,4,6,12,3,2,1,3,16
770037,5,11,6,7,12,4,17,5,4,14
770047,5,13,5,5,13,5,3,5,4,11
770048,4,12,5,2,13,3,10,3,4,17
770059,2,10,2,6,13,6,7,3,1,9
770108,5,7,4,4,8,2,5,3,1,13
770189,4,4,4,4,7,4,6,4,2,6
770344,4,4,3,1,11,4,5,3,3,9
770345,2,12,1,4,10,2,6,3,2,13
770352,7,7,2,-,26,4,8,7,4,15
770370,4,6,3,-,10,6,9,2,3,16
770405,6,9,4,5,20,3,4,3,3,13
770410,3,6,2,1,21,6,14,3,3,22
770422,3,5,4,2,9,3,9,7,4,14
770423,5,3,5,1,11,4,5,4,3,6
770433,10,8,4,3,14,2,4,3,3,11
780032,4,3,3,3,21,4,6,3,3,21
780039,9,5,4,5,14,4,8,4,2,10
780040,3,6,3,2,14,4,3,4,4,13
780047,1,8,5,2,10,1,5,4,-,10
780061,2,3,4,4,14,2,7,2,-,9
780065,5,4,4,2,8,4,4,4,3,5
780067,2,8,5,-,10,3,2,3,3,6
780077,-,6,4,3,9,1,7,2,2,9
780079,2,11,6,5,17,6,6,5,2,18
780631,4,10,4,2,11,6,6,10,5,16
780632,5,4,7,5,18,6,18,4,4,15
780633,4,11,2,1,8,-,7,8,4,9
780634,9,7,9,4,12,5,14,5,2,12
780635,3,9,4,-,13,5,6,8,7,12
790070,4,8,4,1,12,4,4,3,4,14
790077,3,4,4,4,12,4,6,4,-,10
790079,6,6,3,2,14,1,3,3,5,11
790082,4,5,8,4,21,5,9,4,3,8
790094,6,7,3,-,8,3,2,2,2,7
790096,5,3,3,2,13,6,5,4,3,21
790103,4,9,3,1,13,2,6,2,2,8
790610,3,10,4,5,13,2,8,6,3,17
790611,-,10,7,2,11,1,9,2,4,16
790612,2,4,2,1,9,4,6,5,2,10
790664,7,7,2,4,15,9,8,7,2,15
790674,4,3,4,2,6,3,5,4,1,12
790675,1,5,5,7,12,9,6,9,3,13
80309,1,4,6,1,9,2,5,2,2,8
890061,2,7,2,2,4,3,3,2,3,6
890064,1,6,3,4,12,2,8,5,4,14
890077,2,7,2,2,8,4,6,4,3,14
890083,5,4,3,3,13,3,6,2,1,11
890109,2,13,6,2,16,1,5,4,1,19
890110,4,4,3,1,14,5,11,3,2,7
890113,4,9,7,3,8,1,3,6,3,12
890125,3,4,2,3,10,5,5,2,2,10
900155,4,6,3,2,15,4,11,5,1,10
900159,2,6,6,3,8,6,7,6,3,12
900175,4,3,5,4,10,3,5,4,7,9
900179,2,3,2,1,5,2,2,2,3,5
900218,6,7,6,3,13,5,7,5,1,18
900220,8,9,5,3,21,3,10,3,1,14
900224,5,9,4,4,17,-,15,5,2,14
900239,3,3,5,3,10,7,12,5,2,17
90101,3,4,2,4,14,1,12,7,4,17
90109,2,10,9,8,29,2,4,4,3,16
90113,1,5,4,3,14,5,4,8,2,14
90146,5,7,2,2,4,3,3,4,1,5
90313,2,7,2,4,7,2,4,4,1,11
90322,-,3,2,1,3,-,3,2,-,4
910081,5,5,4,3,13,3,4,4,3,12
910082,5,5,3,2,16,3,5,4,3,16
910095,3,4,5,5,11,3,9,6,5,6
910128,8,9,6,3,16,2,4,5,2,20
910135,2,5,2,2,7,3,6,4,1,10
910137,3,8,1,2,8,6,8,5,1,13
910209,6,4,5,2,14,5,12,4,8,8
910212,5,8,3,2,8,3,5,3,-,6
910222,3,5,2,1,5,5,6,4,1,7
910357,2,7,3,4,10,1,12,8,4,11
910363,5,10,3,1,9,5,7,6,2,6
910415,6,8,4,-,17,4,11,3,1,17
910486,3,4,2,2,12,2,5,1,3,11
910488,3,3,3,2,17,7,5,6,4,19
910499,5,7,3,5,15,3,7,3,4,17
910506,5,9,4,3,13,1,10,3,-,13
910564,3,4,4,-,11,1,5,1,1,9
910568,6,8,4,2,16,2,14,6,3,13
910572,3,10,4,4,16,4,7,4,1,17
920023,2,7,6,1,7,2,9,4,3,9
920030,5,13,7,4,26,6,11,5,2,24
920033,5,7,5,3,13,5,10,4,4,13
920035,4,7,4,3,9,6,7,3,2,15
920043,6,9,5,1,13,1,4,6,3,8
920063,3,4,1,3,5,3,3,2,3,8
920064,2,13,8,7,18,3,8,6,6,17
920081,5,18,5,6,15,4,7,4,6,10
920144,4,12,3,2,14,5,7,5,3,13
920146,6,5,3,4,17,7,11,3,1,31
920224,4,8,5,9,12,1,2,5,2,12
920239,1,21,7,4,16,2,3,4,3,21
920384,3,4,2,2,14,3,5,4,2,8
920394,4,10,4,2,14,2,4,3,1,11
920397,3,3,2,1,7,-,4,4,2,9
920449,4,8,5,1,14,4,6,5,3,13
920453,2,5,4,3,5,4,6,4,1,5
920462,5,5,6,1,10,3,3,5,2,7
920511,3,8,2,3,15,5,5,4,3,12
920577,3,4,3,3,8,3,7,3,1,8
950043,3,6,3,4,13,4,14,3,1,20
950106,4,8,7,3,8,1,5,4,2,9
950113,2,10,5,5,8,1,4,3,2,11
950140,5,12,6,1,23,2,10,7,3,25
950143,5,6,3,3,12,6,13,5,5,16
950147,5,2,4,3,20,7,9,4,2,22
950271,5,14,3,2,16,5,11,5,4,12
950281,3,7,1,3,8,2,10,1,2,7
950350,4,5,2,4,11,4,9,1,5,10
950363,4,4,5,3,8,1,4,3,1,10
950480,3,4,7,3,17,7,15,5,2,27
950483,2,6,5,1,11,10,6,4,5,13
950502,3,4,5,5,14,6,8,4,2,24
950503,3,4,3,2,8,3,4,2,3,5
950536,3,7,3,3,11,2,2,5,2,9
950585,8,5,5,2,13,3,7,5,1,10
950587,5,7,5,3,22,2,8,3,3,20
950589,5,6,4,2,15,3,5,2,2,14
950641,4,4,3,4,8,4,3,4,2,12
950642,3,3,4,2,9,2,6,6,5,7
950643,3,6,5,3,5,1,5,5,3,9
950653,2,3,4,3,11,3,8,4,6,8
960053,3,4,3,-,9,4,3,4,3,10
960055,5,5,4,4,12,4,4,2,-,9
960069,3,5,2,2,6,2,6,2,2,2
960071,4,11,6,5,18,3,4,4,1,17
960126,3,8,4,5,8,3,4,3,2,9
960127,2,3,5,-,7,3,4,5,3,5
960139,2,1,2,1,6,1,7,5,2,6
960177,6,12,6,2,16,6,9,8,3,18
960187,5,5,3,2,11,3,2,4,1,9
960292,4,8,4,4,8,5,6,2,4,17
960304,4,4,5,1,11,2,2,4,1,14
960315,2,4,2,1,5,1,7,3,1,5
960364,6,5,2,2,18,4,8,2,4,12
960369,2,5,2,3,8,6,5,2,2,11
960370,3,6,3,2,23,3,4,7,4,20
960524,6,7,4,4,20,6,6,5,6,17
960530,2,5,4,3,10,2,8,3,2,8
960586,2,5,2,3,14,4,12,5,1,14
960588,5,3,3,-,10,2,2,1,5,8
960600,3,2,5,3,3,3,4,2,-,8
960642,5,5,7,3,16,1,5,6,5,18
960658,1,6,2,1,11,2,6,4,1,12
960728,3,3,2,2,8,3,4,5,5,7
970052,2,5,3,-,5,3,3,3,4,2
970055,2,5,-,1,4,2,4,1,2,4
970057,5,10,4,2,8,4,6,5,3,6
970097,2,4,2,1,8,4,4,6,1,9
970111,3,7,3,2,17,5,9,4,2,8
970143,2,6,4,4,6,5,4,3,2,7
980066,4,4,3,-,4,5,6,4,-,6
980068,5,5,3,1,21,4,13,7,5,14
990034,5,8,4,2,10,4,5,2,6,8
990036,3,9,5,3,16,2,6,2,2,14
990047,1,6,3,2,15,4,7,4,3,11
990049,3,10,4,3,24,2,9,2,2,18
990092,3,7,8,1,19,7,5,7,3,19
990093,2,3,4,2,10,3,9,6,2,11
990094,2,3,5,3,8,3,7,5,2,12
990104,4,7,2,4,7,1,3,2,1,7
990160,2,5,5,4,13,2,6,2,4,5
990163,2,6,3,4,11,6,14,6,3,14
990389,1,7,5,2,7,5,5,4,2,8
990391,4,6,4,-,21,-,6,3,1,14
990398,4,8,4,3,8,1,3,3,1,8
990402,1,5,4,-,7,2,7,4,3,7
990436,3,5,3,2,9,1,8,4,1,10
990441,2,9,1,1,15,6,4,6,2,8
990508,3,4,7,4,9,4,4,5,2,6
990518,6,11,6,4,14,7,8,4,4,17
